County,City,Municipality,Settlement
Zagrebačka županija,Dugo Selo,,Andrilovec
,,,Donje Dvorišće
,,,Dugo Selo
,,,Kopčevec
,,,Kozinščak
,,,Leprovica
,,,Lukarišće
,,,Mala Ostrna
,,,Prozorje
,,,Puhovo
,,,Velika Ostrna 
,Ivanić-Grad,,Caginec
,,,Deanovec
,,,Derežani
,,,Donji Šarampov
,,,Graberje Ivaničko
,,,Greda Breška
,,,Ivanić-Grad
,,,Jalševec Breški
,,,Lepšić
,,,Lijevi Dubrovčak
,,,Opatinec
,,,Posavski Bregi
,,,Prečno
,,,Prerovec
,,,Prkos Ivanićki
,,,Šemovec Breški
,,,Šumećani
,,,Tarno
,,,Topolje
,,,Trebovec
,,,Zaklepica
,,,Zelina Breška 
,Jastrebarsko,,Belčići
,,,Brebrovac
,,,Brezari
,,,Breznik Plešivički
,,,Bukovac Svetojanski
,,,Celine
,,,Crna Mlaka
,,,Cvetković
,,,Čabdin
,,,Čeglje
,,,Črnilovec
,,,Dolanjski Jarak
,,,Domagović
,,,Donja Reka
,,,Donji Desinec
,,,Draga Svetojanska
,,,Dragovanščak
,,,Goljak
,,,Gorica Svetojanska
,,,Gornja Kupčina
,,,Gornja Reka
,,,Gornji Desinec
,,,Grabarak
,,,Gračac Slavetićki
,,,Guci Draganički
,,,Hrastje Plešivičko
,,,Hrašća
,,,Ivančići
,,,Izimje
,,,Jastrebarsko
,,,Jurjevčani
,,,Kupeć Dol
,,,Lanišće
,,,Lokošin Dol
,,,Malunje
,,,Miladini
,,,Novaki Petrovinski
,,,Orešje Okićko
,,,Paljugi
,,,Pavlovčani
,,,Pesak
,,,Petrovina
,,,Plešivica
,,,Prekrižje Plešivičko
,,,Prhoć
,,,Prilipje
,,,Prodin Dol
,,,Rastoki
,,,Redovje
,,,Slavetić
,,,Srednjak
,,,Stankovo
,,,Špigelski Breg
,,,Tihočaj
,,,Toplice
,,,Vlaškovec
,,,Volavje
,,,Vranov Dol
,,,Vukšin Šipak
,,,Zdihovo 
,Samobor,,Beder
,,,Bobovica
,,,Braslovje
,,,Bratelji
,,,Bregana
,,,Breganica
,,,Brezovac Žumberački
,,,Budinjak
,,,Bukovje Podvrško
,,,Celine Samoborske
,,,Cerje Samoborsko
,,,Cerovica
,,,Dane
,,,Dolec Podokićki
,,,Domaslovec
,,,Draganje Selo
,,,Dragonoš
,,,Drežnik Podokićki
,,,Dubrava Samoborska
,,,Falašćak
,,,Farkaševec Samoborski
,,,Galgovo
,,,Golubići
,,,Gornja Vas
,,,Gradna
,,,Grdanjci
,,,Gregurić Breg
,,,Hrastina Samoborska
,,,Jarušje
,,,Javorek
,,,Kladje
,,,Klake
,,,Klokočevec Samoborski
,,,Konšćica
,,,Kostanjevec Podvrški
,,,Kotari
,,,Kravljak
,,,Lug Samoborski
,,,Mala Jazbina
,,,Mala Rakovica
,,,Mali Lipovec
,,,Manja Vas
,,,Medsave
,,,Molvice
,,,Noršić Selo
,,,Novo Selo Žumberačko
,,,Osredek Žumberački
,,,Osunja
,,,Otruševec
,,,Pavučnjak
,,,Petkov Breg
,,,Podgrađe Podokićko
,,,Podvrh
,,,Poklek
,,,Rakov Potok
,,,Rude
,,,Samobor
,,,Samoborski Otok
,,,Savršćak
,,,Selce Žumberačko
,,,Sječevac
,,,Slani Dol
,,,Slapnica
,,,Slavagora
,,,Smerovišće
,,,Stojdraga
,,,Sveti Martin pod Okićem
,,,Šimraki
,,,Šipački Breg
,,,Tisovac Žumberački
,,,Velika Jazbina
,,,Velika Rakovica
,,,Veliki Lipovec
,,,Višnjevec Podvrški
,,,Vratnik Samoborski
,,,Vrbovec Samoborski
,,,Vrhovčak 
,Sveta Nedelja,,Bestovje
,,,Brezje
,,,Jagnjić Dol
,,,Kalinovica
,,,Kerestinec
,,,Mala Gorica
,,,Novaki
,,,Orešje
,,,Rakitje
,,,Srebrnjak
,,,Strmec
,,,Sveta Nedelja
,,,Svetonedeljski Breg
,,,Žitarka 
,Sveti Ivan Zelina,,Banje Selo Berislavec
,,,Biškupec Zelinski
,,,Blaškovec
,,,Blaževdol
,,,Breg Mokrički
,,,Brezovec Zelinski
,,,Bukevje
,,,Bukovec Zelinski
,,,Bunjak
,,,Curkovec
,,,Črečan
,,,Donja Drenova
,,,Donja Topličica
,,,Donja Zelina
,,,Donje Orešje
,,,Donje Psarjevo
,,,Dubovec Bisaški
,,,Filipovići
,,,Goričanec
,,,Goričica
,,,Gornja Drenova
,,,Gornja Topličica
,,,Gornje Orešje
,,,Gornje Psarjevo
,,,Gornji Vinkovec
,,,Hrastje
,,,Hrnjanec
,,,Kalinje
,,,Keleminovec
,,,Kladešćica
,,,Komin
,,,Krečaves
,,,Križevčec
,,,Laktec
,,,Majkovec
,,,Marinovec Zelinski
,,,Mokrica Tomaševečka
,,,Nespeš
,,,Novakovec Bisaški
,,,Novo Mjesto
,,,Obrež Zelinski
,,,Paukovec
,,,Polonje
,,,Polonje Tomaševečko
,,,Prepolno
,,,Pretoki
,,,Radoišće
,,,Salnik
,,,Selnica Psarjevačka
,,,Suhodol Zelinski
,,,Sveta Helena
,,,Sveti Ivan Zelina
,,,Šalovec
,,,Šulinec
,,,Šurdovec
,,,Tomaševec
,,,Velika Gora
,,,Vukovje Zelinsko
,,,Zadrkovec
,,,Zrinšćina
,,,Žitomir 
,Velika Gorica,,Bapča
,,,Bukovčak
,,,Buševec
,,,Cerovski Vrh
,,,Cvetković Brdo
,,,Črnkovec
,,,Donja Lomnica
,,,Donje Podotočje
,,,Drenje Šćitarjevsko
,,,Dubranec
,,,Gornja Lomnica
,,,Gornje Podotočje
,,,Gradići
,,,Gudci
,,,Gustelnica
,,,Jagodno
,,,Jerebić
,,,Ključić Brdo
,,,Kobilić
,,,Kozjača
,,,Kuče
,,,Lazi Turopoljski
,,,Lazina Čička
,,,Lekneno
,,,Lukavec
,,,Mala Buna
,,,Mala Kosnica
,,,Markuševec Turopoljski
,,,Mičevec
,,,Mraclin
,,,Novaki Šćitarjevski
,,,Novo Čiče
,,,Novo Selo Lekeničko
,,,Obrezina
,,,Ogulinec
,,,Okuje
,,,Petina
,,,Petravec
,,,Petrovina Turopoljska
,,,Poljana Čička
,,,Prvonožina
,,,Rakitovec
,,,Ribnica
,,,Sasi
,,,Selnica
,,,Sop Bukevski
,,,Staro Čiče
,,,Strmec Bukevski
,,,Šćitarjevo
,,,Šiljakovina
,,,Trnje
,,,Turopolje
,,,Velika Buna
,,,Velika Gorica
,,,Velika Kosnica
,,,Velika Mlaka
,,,Vukomerić
,,,Vukovina
,,,Zablatje Posavsko
,Vrbovec,,Banovo
,,,Brčevec
,,,Celine
,,,Cerik
,,,Cerje
,,,Dijaneš
,,,Donji Tkalec
,,,Dulepska
,,,Đivan
,,,Gaj
,,,Gornji Tkalec
,,,Gostović
,,,Graberanec
,,,Graberšćak
,,,Greda
,,,Hruškovica
,,,Konak
,,,Krkač
,,,Kućari
,,,Lonjica
,,,Lovrečka Varoš
,,,Lovrečka Velika
,,,Luka
,,,Lukovo
,,,Marenić
,,,Martinska Ves
,,,Naselje Stjepana Radića
,,,Negovec
,,,Novo Selo
,,,Peskovec
,,,Pirakovec
,,,Podolec
,,,Poljana
,,,Poljanski Lug
,,,Prilesje
,,,Samoborec
,,,Savska Cesta
,,,Topolovec
,,,Vrbovec
,,,Vrbovečki Pavlovec
,,,Vrhovec
,,,Žunci 
,Zaprešić ,,Hruševec Kupljenski
,,,Ivanec Bistranski
,,,Jablanovec
,,,Kupljenovo
,,,Lužnica
,,,Merenje
,,,Pojatno
,,,Šibice
,,,Zaprešić 
,,Bedenica,Bedenica
,,,Beloslavec
,,,Bosna
,,,Omamno
,,,Otrčkovec
,,,Turkovčina 
,,Bistra,Bukovje
,,,Bistransko
,,,Donja Bistra
,,,Gornja Bistra
,,,Novaki Bistranski
,,,Oborovo Bistransko
,,,Poljanica Bistranska 
,,Brckovljani,Božjakovina
,,,Brckovljani
,,,Gornja Greda
,,,Gornje Dvorišće
,,,Gračec
,,,Hrebinec
,,,Kusanovec
,,,Lupoglav
,,,Prečec
,,,Prikraj
,,,Stančić
,,,Štakorovec
,,,Tedrovec 
,,Brdovec,Brdovec
,,,Donji Laduč
,,,Drenje Brdovečko
,,,Gornji Laduč
,,,Harmica
,,,Javorje
,,,Ključ Brdovečki
,,,Prigorje Brdovečko
,,,Prudnice
,,,Savski Marof
,,,Šenkovec
,,,Vukovo Selo
,,,Zdenci Brdovečki 
,,Dubrava,Bađinec
,,,Brezje
,,,Donji Marinkovac
,,,Donji Vukšinac
,,,Dubrava
,,,Dubravski Markovac
,,,Gornji Marinkovac
,,,Gornji Vukšinac
,,,Graberec
,,,Habjanovac
,,,Koritna
,,,Kostanj
,,,Kunđevac
,,,Ladina
,,,Mostari
,,,Nova Kapela
,,,Novaki
,,,Paruževac
,,,Pehardovac
,,,Podlužan
,,,Radulec
,,,Stara Kapela
,,,Svinjarec
,,,Zetkan
,,,Zgališće
,,,Zvekovac
,,,Žukovec 
,,Dubravica,Bobovec Rozganski
,,,Donji Čemehovec
,,,Dubravica
,,,Kraj Gornji
,,,Lugarski Breg
,,,Lukavec Sutlanski
,,,Pologi
,,,Prosinec
,,,Rozga
,,,Vučilčevo 
,,Farkaševac,Bolč
,,,Brezine
,,,Donji Markovac
,,,Farkaševac
,,,Ivančani
,,,Kabal
,,,Mački
,,,Majur
,,,Prašćevac
,,,Zvonik
,,,Žabnica 
,,Gradec,Buzadovac
,,,Cugovec
,,,Festinec
,,,Fuka
,,,Grabrić
,,,Gradec
,,,Gradečki Pavlovec
,,,Haganj
,,,Lubena
,,,Mali Brezovec
,,,Podjales
,,,Pokasin
,,,Potočec
,,,Remetinec
,,,Repinec
,,,Salajci
,,,Stari Glog
,,,Tučenik
,,,Veliki Brezovec
,,,Zabrđe 
,,Jakovlje,Igrišće
,,,Jakovlje
,,,Kraljev Vrh 
,,Klinča Sela,Beter
,,,Donja Purgarija
,,,Donja Zdenčina
,,,Goli Vrh
,,,Gonjeva
,,,Gornja Purgarija
,,,Gornja Zdenčina
,,,Klinča Sela
,,,Kozlikovo
,,,Kupinec
,,,Novo Selo Okićko
,,,Poljanica Okićka
,,,Repišće
,,,Tržić 
,,Kloštar Ivanić,Bešlinec Čemernica Lonjska
,,,Donja Obreška
,,,Gornja Obreška
,,,Kloštar Ivanić
,,,Križci
,,,Lipovec Lonjski
,,,Predavec
,,,Sobočani
,,,Stara Marča
,,,Šćapovec 
,,Krašić,Barovka
,,,Begovo Brdo Žumberačko
,,,Brezarić
,,,Brlenić
,,,Bukovica Prekriška
,,,Careva Draga
,,,Čučići
,,,Čunkova Draga
,,,Dol
,,,Donje Prekrižje
,,,Gornje Prekrižje
,,,Hrženik
,,,Hutin
,,,Jezerine
,,,Konjarić Vrh
,,,Kostel Pribićki
,,,Krašić
,,,Krnežići
,,,Krupače
,,,Kučer
,,,Kurpezova Gorica
,,,Medven Draga
,,,Mirkopolje
,,,Pećno
,,,Pribić
,,,Pribić Crkveni
,,,Prvinci
,,,Radina Gorica
,,,Rude Pribićke
,,,Staničići Žumberački
,,,Strmac Pribićki
,,,Svrževo
,,,Vranjak Žumberački 
,,Kravarsko,Barbarići Kravarski
,,,Čakanec
,,,Donji Hruševec
,,,Gladovec Kravarski
,,,Gornji Hruševec
,,,Kravarsko
,,,Novo Brdo
,,,Podvornica
,,,Pustike
,,,Žitkovčica 
,,Križ,Bunjani
,,,Donji Prnjarovec
,,,Gornji Prnjarovec
,,,Johovec
,,,Konšćani
,,,Križ
,,,Mala Hrastilnica
,,,Novoselec
,,,Obedišće
,,,Okešinec
,,,Razljev
,,,Rečica Kriška
,,,Širinec
,,,Šušnjari
,,,Velika Hrastilnica
,,,Vezišće 
,,Luka,Krajska Ves
,,,Luka
,,,Pluska
,,,Vadina
,,,Žejinci 
,,Marija Gorica,Bijela Gorica Celine Goričke
,,,Hrastina
,,,Kraj Donji
,,,Kraj Gornji
,,,Križ Brdovečki
,,,Marija Gorica
,,,Oplaznik
,,,Trstenik
,,,Žlebec Gorički 
,,Orle,Bukevje
,,,Čret Posavski
,,,Drnek
,,,Obed
,,,Orle
,,,Ruča
,,,Stružec Posavski
,,,Suša
,,,Veleševec
,,,Vrbovo Posavsko 
,,Pisarovina,Bratina
,,,Bregana Pisarovinska
,,,Donja Kupčina
,,,Dvoranci
,,,Gorica Jamnička
,,,Gradec Pokupski
,,,Jamnica Pisarovinska
,,,Lijevo Sredičko
,,,Lučelnica
,,,Pisarovina
,,,Podgorje Jamničko
,,,Selsko Brdo
,,,Topolovec Pisarovinski
,,,Velika Jamnička 
,,Pokupsko,Auguštanovec
,,,Cerje Pokupsko
,,,Cvetnić Brdo
,,,Gladovec Pokupski
,,,Hotnja
,,,Lijevi Degoj
,,,Lijevi Štefanki
,,,Lukinić Brdo
,,,Opatija
,,,Pokupsko
,,,Roženica
,,,Strezojevo
,,,Šestak Brdo
,,,Zgurić Brdo 
,,Preseka,Donja Velika
,,,Gornja Velika
,,,Gornjaki
,,,Kamenica
,,,Kraljev Vrh
,,,Krušljevec
,,,Ledina
,,,Pogančec
,,,Preseka
,,,Slatina
,,,Srednja Velika
,,,Strmec
,,,Šelovec
,,,Vinkovec
,,,Žabnjak 
,,Pušća,Bregovljana
,,,Donja Pušća
,,,Dubrava Pušćanska
,,,Gornja Pušća
,,,Hrebine
,,,Hruševec Pušćanski
,,,Marija Magdalena
,,,Žlebec Pušćanski 
,,Rakovec,Baničevec
,,,Brezani
,,,Dropčevec
,,,Dvorišće
,,,Goli Vrh
,,,Hruškovec
,,,Hudovo
,,,Kolenica
,,,Lipnica
,,,Mlaka
,,,Rakovec
,,,Valetić
,,Rugvica,Čista Mlaka
,,,Črnec Dugoselski
,,,Črnec Rugvički
,,,Donja Greda
,,,Dragošička
,,,Hrušćica
,,,Jalševec Nartski
,,,Ježevo
,,,Nart Savski
,,,Novaki Nartski
,,,Novaki Oborovski
,,,Obedišće Ježevsko
,,,Oborovo
,,,Okunšćak
,,,Otok Nartski
,,,Otok Svibovski
,,,Preseka Oborovska
,,,Prevlaka
,,,Rugvica
,,,Sop
,,,Struga Nartska
,,,Svibje
,,,Trstenik Nartski 
,,Stupnik,Gornji Stupnik
,,,Donji Stupnik
,,,Stupnički Obrež 
,,Žumberak,Cernik
,,,Donji Oštrc
,,,Drašći Vrh
,,,Glušinja
,,,Gornji Oštrc
,,,Grgetići
,,,Grič
,,,Hartje
,,,Javor
,,,Jezernice
,,,Jurkovo Selo
,,,Kalje
,,,Kordići Žumberački
,,,Kostanjevac
,,,Kupčina Žumberačka
,,,Markušići
,,,Mrzlo Polje Žumberačko
,,,Petričko Selo
,,,Plavci
,,,Radinovo Brdo
,,,Reštovo Žumberačko
,,,Sopote
,,,Sošice
,,,Stari Grad Žumberački
,,,Stupe
,,,Tomaševci
,,,Tupčina
,,,Veliki Vrh
,,,Visoće
,,,Višći Vrh
,,,Vlašić Brdo
,,,Vukovo Brdo
,,,Žamarija
,,,Željezno Žumberačko
,,,Žumberak
Krapinsko-zagorska županija,Donja Stubica,,Donja Podgora
,,,Donja Stubica
,,,Gornja Podgora
,,,Hižakovec
,,,Hruševec
,,,Lepa Ves
,,,Matenci
,,,Milekovo Selo
,,,Pustodol
,,,Vučak 
,Klanjec,,Bobovec Tomaševečki
,,,Bratovski Vrh
,,,Cesarska Ves
,,,Dol Klanječki
,,,Florijan
,,,Goljak Klanječki
,,,Gorkovec
,,,Gredice
,,,Klanjec
,,,Ledine Klanječke
,,,Lepoglavec
,,,Letovčan Novodvorski
,,,Letovčan Tomaševečki
,,,Lučelnica Tomaševečka
,,,Mihanovićev Dol
,,,Novi Dvori Klanječki
,,,Police
,,,Rakovec Tomaševečki
,,,Tomaševec 
,Krapina,,Bobovje
,,,Doliće
,,,Donja Šemnica
,,,Gornja Pačetina
,,,Krapina
,,,Lazi Krapinski
,,,Lepajci
,,,Mihaljekov Jarek
,,,Podgora Krapinska
,,,Polje Krapinsko
,,,Pretkovec
,,,Pristava Krapinska
,,,Strahinje
,,,Straža Krapinska
,,,Škarićevo
,,,Šušelj Brijeg
,,,Tkalci
,,,Trški Vrh
,,,Velika Ves
,,,Vidovec Krapinski
,,,Vidovec Petrovski
,,,Zagora
,,,Žutnica 
,Oroslavje,,Andraševec
,,,Krušljevo Selo
,,,Mokrice
,,,Oroslavje
,,,Stubička Slatina 
,Pregrada,,Benkovo
,,,Bregi Kostelski
,,,Bušin
,,,Cigrovec
,,,Donja Plemenšćina
,,,Gabrovec
,,,Gorjakovo
,,,Gornja Plemenšćina
,,,Klenice
,,,Kostel
,,,Kostelsko
,,,Mala Gora
,,,Marinec
,,,Martiša Ves
,,,Pavlovec Pregradski
,,,Pregrada
,,,Sopot
,,,Stipernica
,,,Svetojurski Vrh
,,,Valentinovo
,,,Velika Gora
,,,Vinagora
,,,Višnjevec
,,,Vojsak
,,,Vrhi Pregradski
,,,Vrhi Vinagorski 
,Zabok ,,Bračak
,,,Bregi Zabočki
,,,Dubrava Zabočka
,,,Grabrovec
,,,Grdenci
,,,Gubaševo
,,,Hum Zabočki
,,,Jakuševec Zabočki
,,,Lug Zabočki
,,,Martinišće
,,,Pavlovec Zabočki
,,,Prosenik Gubaševski
,,,Prosenik Začretski
,,,Repovec
,,,Špičkovina
,,,Tisanić Jarek
,,,Zabok 
,Zlatar,,Belec
,,,Borkovec
,,,Cetinovec
,,,Donja Batina
,,,Donja Selnica
,,,Ervenik Zlatarski
,,,Gornja Batina
,,,Gornja Selnica
,,,Juranšćina
,,,Ladislavec
,,,Martinšćina
,,,Petruševec
,,,Ratkovec
,,,Repno
,,,Šćrbinec
,,,Vižanovec
,,,Završje Belečko
,,,Zlatar
,,,Znož 
,,Bedekovčina,Bedekovčina
,,,Belovar Zlatarski
,,,Brestovec Orehovički
,,,Grabe
,,,Kebel
,,,Križanče
,,,Lug Orehovički
,,,Lug Poznanovečki
,,,Martinec Orehovički
,,,Orehovica
,,,Poznanovec
,,,Pustodol Orehovički
,,,Vojnić Breg
,,,Zadravec
,,,Židovinjak 
,,Budinščina,Budinščina
,,,Gotalovec
,,,Grtovec
,,,Krapinica
,,,Marigutić
,,,Pažurovec
,,,Pece
,,,Pokojec
,,,Pomperovec
,,,Prepuštovec
,,,Sveti Križ
,,,Topličica
,,,Zajezda 
,,Desinić,Desinić
,,,Desinić Gora
,,,Donji Jalšovec
,,,Donji Zbilj
,,,Dubravica Desinićka
,,,Gaber
,,,Gora Košnička
,,,Gornji Jalšovec
,,,Gornji Zbilj
,,,Gostenje
,,,Grohot
,,,Hum Košnički
,,,Ivanić Desinićki
,,,Ivanić Košnički
,,,Jazbina
,,,Jelenjak
,,,Klanječno
,,,Košnica
,,,Nebojse
,,,Osredek Desinićki
,,,Ravnice Desinićke
,,,Stara Ves Košnička
,,,Šimunci
,,,Škalić Zagorski
,,,Trnovec Desinićki
,,,Turnišće Desinićko
,,,Turnovo
,,,Velika Horvatska 
,,Đurmanec,Donji Macelj
,,,Đurmanec
,,,Goričanovec
,,,Gornji Macelj
,,,Hlevnica
,,,Hromec
,,,Jezerišće
,,,Koprivnica Zagorska
,,,Lukovčak
,,,Podbrezovica
,,,Prigorje
,,,Putkovec
,,,Ravninsko 
,,Gornja Stubica,Banšćica
,,,Brezje
,,,Dobri Zdenci
,,,Dubovec
,,,Gornja Stubica
,,,Gusakovec
,,,Hum Stubički
,,,Jakšinec
,,,Karivaroš
,,,Modrovec
,,,Orehova Gorica
,,,Pasanska Gorica
,,,Repićevo Selo
,,,Samci
,,,Sekirevo Selo
,,,Slani Potok
,,,Sveti Matej
,,,Šagudovec
,,,Vinterovec
,,,Volavec 
,,Hrašćina,Domovec
,,,Donji Kraljevec
,,,Gornjaki
,,,Gornji Kraljevec
,,,Hrašćina
,,,Husinec
,,,Jarek Habekov
,,,Maretić
,,,Trgovišće
,,,Vrbovo 
,,Hum na Sutli,Brezno Gora
,,,Donje Brezno
,,,Druškovec Gora
,,,Druškovec Humski
,,,Gornje Brezno
,,,Grletinec
,,,Hum na Sutli
,,,Klenovec Humski
,,,Lastine
,,,Lupinjak
,,,Mali Tabor
,,,Orešje Humsko
,,,Poredje
,,,Prišlin
,,,Rusnica
,,,Strmec Humski
,,,Vrbišnica
,,,Zalug 
,,Jesenje,Brdo Jesenjsko
,,,Cerje Jesenjsko
,,,Donje Jesenje
,,,Gornje Jesenje
,,,Lužani Zagorski 
,,Konjščina,Bočadir
,,,Bočaki
,,,Brlekovo
,,,Donja Batina
,,,Donja Konjščina
,,,Galovec
,,,Gornja Konjščina
,,,Jelovec
,,,Jertovec
,,,Klimen
,,,Konjščina
,,,Kosovečko
,,,Krapina Selo
,,,Pešćeno
,,,Sušobreg
,,,Turnišće 
,,Kraljevec na Sutli,Draše
,,,Gornji Čemehovec
,,,Kačkovec
,,,Kapelski Vrh
,,,Kraljevec na Sutli
,,,Lukavec Klanječki
,,,Movrač
,,,Pušava
,,,Radakovo
,,,Strmec Sutlanski 
,,Krapinske Toplice,Čret
,,,Donje Vino
,,,Gregurovec
,,,Hršak Breg
,,,Jasenovac Zagorski
,,,Jurjevec
,,,Klokovec
,,,Klupci
,,,Krapinske Toplice
,,,Lovreća Sela
,,,Mala Erpenja
,,,Maturovec
,,,Oratje
,,,Selno
,,,Slivonja Jarek
,,,Viča Sela
,,,Vrtnjakovec 
,,Kumrovec,Donji Škrnik
,,,Dugnjevec
,,,Kladnik
,,,Kumrovec
,,,Podgora
,,,Ravno Brezje
,,,Razdrto Tuheljsko
,,,Razvor
,,,Risvica
,,,Velinci 
,,Lobor,Cebovec
,,,Lobor
,,,Markušbrijeg
,,,Petrova Gora
,,,Stari Golubovec
,,,Šipki
,,,Velika Petrovagorska
,,,Vinipotok
,,,Vojnovec Loborski
,,,Završje Loborsko 
,,Mače,Delkovec
,,,Frkuljevec Peršaveški
,,,Mače
,,,Mali Bukovec
,,,Mali Komor
,,,Peršaves
,,,Veliki Bukovec
,,,Veliki Komor
,,,Vukanci 
,,Marija Bistrica,Globočec
,,,Hum Bistrički
,,,Laz Bistrički
,,,Laz Stubički
,,,Marija Bistrica
,,,Podgorje Bistričko
,,,Podgrađe
,,,Poljanica Bistrička
,,,Selnica
,,,Sušobreg Bistrički
,,,Tugonica 
,,Mihovljan,Frkuljevec Mihovljanski
,,,Gregurovec
,,,Kuzminec
,,,Mihovljan
,,,Sutinske Toplice 
,,Novi Golubovec,Gora Veternička
,,,Novi Golubovec
,,,Očura
,,,Velika Veternička
,,,Veternica 
,,Petrovsko,Benkovec Petrovski
,,,Brezovica Petrovska
,,,Gredenec
,,,Mala Pačetina
,,,Petrovsko
,,,Podgaj Petrovski
,,,Preseka Petrovska
,,,Rovno
,,,Slatina Svedruška
,,,Stara Ves Petrovska
,,,Svedruža
,,,Štuparje 
,,Radoboj,Bregi Radobojski
,,,Gorjani Sutinski
,,,Gornja Šemnica
,,,Jazvine
,,,Kraljevec Radobojski
,,,Kraljevec Šemnički
,,,Orehovec Radobojski
,,,Radoboj
,,,Strahinje Radobojsko 
,,Stubičke Toplice,Pila
,,,Sljeme
,,,Strmec Stubički
,,,Stubičke Toplice 
,,Sveti Križ Začretje,Brezova
,,,Ciglenica Zagorska
,,,Donja Pačetina
,,,Dukovec
,,,Galovec Začretski
,,,Klupci
,,,Komor Začretski
,,,Kotarice
,,,Kozjak Začretski
,,,Mirkovec
,,,Pustodol Začretski
,,,Sekirišće
,,,Sveti Križ Začretje
,,,Štrucljevo
,,,Švaljkovec
,,,Temovec
,,,Vrankovec
,,,Završje Začretsko
,,,Zleć 
,, Tuhelj,Banska Gorica
,,,Črešnjevec
,,,Glogovec Zagorski
,,,Lenišće
,,,Lipnica Zagorska
,,,Pristava
,,,Prosenik
,,,Sveti Križ
,,,Trsteno
,,,Tuhelj
,,,Tuheljske Toplice 
,,Veliko Trgovišće,Bezavina
,,,Domahovo
,,,Družilovec
,,,Dubrovčan
,,,Jalšje
,,,Jezero Klanječko
,,,Mrzlo Polje
,,,Požarkovec
,,,Ravnice
,,,Strmec
,,,Turnišće Klanječko
,,,Velika Erpenja
,,,Veliko Trgovišće
,,,Vilanci
,,,Vižovlje 
,,Zagorska Sela,Bojačno
,,,Bratkovec
,,,Brezakovec
,,,Gornji Škrnik
,,,Harina Zlaka
,,,Ivanić Miljanski
,,,Kuzminec Miljanski
,,,Luke Poljanske
,,,Miljana
,,,Plavić
,,,Poljana Sutlanska
,,,Pušća
,,,Zagorska Sela 
,,Zlatar Bistrica,Ervenik Zlatarski
,,,Lipovec
,,,Lovrečan
,,,Opasanjek
,,,Veleškovec
,,,Zlatar Bistrica 
Sisačko-moslavačka županija,Glina,,Balinac
,,,Baturi
,,,Bijele Vode
,,,Bišćanovo
,,,Bojna
,,,Borovita
,,,Brestik
,,,Brezovo Polje
,,,Brnjeuška
,,,Brubno
,,,Buzeta
,,,Dabrina
,,,Desni Degoj
,,,Dolnjaki
,,,Donja Bučica
,,,Donja Trstenica
,,,Donje Jame
,,,Donje Selište
,,,Donje Taborište
,,,Donji Klasnić
,,,Donji Selkovac
,,,Donji Viduševac
,,,Dragotina
,,,Drenovac Banski
,,,Dvorišće
,,,Glina
,,,Gornja Bučica
,,,Gornje Jame
,,,Gornje Selište
,,,Gornje Taborište
,,,Gornji Klasnić
,,,Gornji Selkovac
,,,Gornji Viduševac
,,,Gračanica Šišinečka
,,,Hađer
,,,Hajtić
,,,Ilovačak
,,,Joševica
,,,Kihalac
,,,Kozaperovica
,,,Maja
,,,Majske Poljane
,,,Majski Trtnik
,,,Mala Solina
,,,Mali Gradac
,,,Mali Obljaj
,,,Marinbrod
,,,Martinovići
,,,Momčilovića Kosa
,,,Novo Selo Glinsko
,,,Prekopa
,,,Prijeka
,,,Ravno Rašće
,,,Roviška
,,,Skela
,,,Slatina Pokupska
,,,Stankovac
,,,Svračica
,,,Šaševa
,,,Šatornja
,,,Šibine
,,,Trnovac Glinski
,,,Trtnik Glinski
,,,Turčenica
,,,Velika Solina
,,,Veliki Gradac
,,,Veliki Obljaj
,,,Vlahović
,,,Zaloj
,Hrvatska Kostajnica,,Čukur
,,,Hrvatska Kostajnica
,,,Panjani
,,,Rausovac
,,,Rosulje
,,,Selište Kostajničko
,,,Utolica 
,Kutina,,Banova Jaruga
,,,Batina
,,,Brinjani
,,,Čaire
,,,Gojlo
,,,Husain
,,,Ilova
,,,Jamarica
,,,Janja Lipa
,,,Katoličke Čaire
,,,Kletište
,,,Krajiška Kutinica
,,,Kutina
,,,Kutinica
,,,Kutinska Slatina
,,,Međurić
,,,Mikleuška
,,,Mišinka
,,,Repušnica
,,,Selište
,,,Stupovača
,,,Šartovac
,,,Zbjegovača 
,Novska,,Bair
,,,Borovac
,,,Brestača
,,,Brezovac Subocki
,,,Bročice
,,,Jazavica
,,,Kozarice
,,,Kričke
,,,Lovska
,,,Nova Subocka
,,,Novi Grabovac
,,,Novska
,,,Paklenica
,,,Plesmo
,,,Popovac Subocki
,,,Rađenovci
,,,Rajčići
,,,Rajić
,,,Roždanik
,,,Sigetac Novski
,,,Stara Subocka
,,,Stari Grabovac
,,,Voćarica 
,Petrinja,,Begovići
,,,Bijelnik
,,,Blinja
,,,Brest Pokupski
,,,Cepeliš
,,,Čuntić
,,,Deanovići
,,,Dodoši
,,,Donja Bačuga
,,,Donja Budičina
,,,Donja Mlinoga
,,,Donja Pastuša
,,,Donje Mokrice
,,,Dragotinci
,,,Dumače
,,,Glinska Poljana
,,,Gora
,,,Gornja Bačuga
,,,Gornja Mlinoga
,,,Gornja Pastuša
,,,Gornje Mokrice
,,,Graberje
,,,Grabovac Banski
,,,Hrastovica
,,,Hrvatski Čuntić
,,,Jabukovac
,,,Jošavica
,,,Klinac
,,,Kraljevčani
,,,Križ Hrastovački
,,,Luščani
,,,Mačkovo Selo
,,,Mala Gorica
,,,Međurače
,,,Miočinovići
,,,Mošćenica
,,,Moštanica
,,,Nebojan
,,,Nova Drenčina
,,,Novi Farkašić
,,,Novo Selište
,,,Pecki
,,,Petkovac
,,,Petrinja
,,,Prnjavor Čuntićki
,,,Sibić
,,,Slana
,,,Srednje Mokrice
,,,Strašnik
,,,Stražbenica
,,,Taborište
,,,Tremušnjak
,,,Veliki Šušnjar
,,,Vratečko
,,,Župić
,Sisak,,Blinjski Kut
,,,Budaševo
,,,Bukovsko
,,,Crnac
,,,Čigoć
,,,Donje Komarevo
,,,Gornje Komarevo
,,,Greda
,,,Gušće
,,,Hrastelnica
,,,Jazvenik
,,,Klobučak
,,,Kratečko
,,,Letovanci
,,,Lonja
,,,Lukavec Posavski
,,,Madžari
,,,Mužilovčica
,,,Novo Pračno
,,,Novo Selo
,,,Novo Selo Palanječko
,,,Odra Sisačka
,,,Palanjek
,,,Prelošćica
,,,Sela
,,,Sisak
,,,Stara Drenčina
,,,Staro Pračno
,,,Staro Selo
,,,Stupno
,,,Suvoj
,,,Topolovac
,,,Veliko Svinjičko
,,,Vurot
,,,Žabno 
,,Donji Kukuruzari,Babina Rijeka
,,,Borojevići
,,,Donja Velešnja
,,,Donji Bjelovac
,,,Donji Kukuruzari
,,,Gornja Velešnja
,,,Gornji Bjelovac
,,,Gornji Kukuruzari
,,,Knezovljani
,,,Komogovina
,,,Kostreši Bjelovački
,,,Lovča
,,,Mečenčani
,,,Prevršac
,,,Umetić 
,,Dvor,Brđani Šamarički
,,,Buinja
,,,Buinjski Riječani
,,,Čavlovica
,,,Ćore
,,,Divuša
,,,Donja Oraovica
,,,Donja Stupnica
,,,Donji Dobretin
,,,Donji Javoranj
,,,Donji Žirovac
,,,Draga
,,,Draškovac
,,,Dvor
,,,Gage
,,,Glavičani
,,,Golubovac Divuški
,,,Gorička
,,,Gornja Oraovica
,,,Gornja Stupnica
,,,Gornji Dobretin
,,,Gornji Javoranj
,,,Gornji Žirovac
,,,Grabovica
,,,Grmušani
,,,Gvozdansko
,,,Hrtić
,,,Javnica
,,,Javornik
,,,Jovac
,,,Kepčije
,,,Kobiljak
,,,Komora
,,,Kosna
,,,Kotarani
,,,Kozibrod
,,,Kuljani
,,,Lotine
,,,Ljeskovac
,,,Ljubina
,,,Majdan
,,,Matijevići
,,,Ostojići
,,,Paukovac
,,,Pedalj
,,,Rogulje
,,,Rudeži
,,,Rujevac
,,,Sočanica
,,,Stanić Polje
,,,Struga Banska
,,,Šakanlije
,,,Šegestin
,,,Švrakarica
,,,Trgovi
,,,Udetin
,,,Unčani
,,,Vanići
,,,Volinja
,,,Vrpolje Bansko
,,,Zakopa
,,,Zamlača
,,,Zrin
,,,Zut
,,Gvozd,Blatuša
,,,Bović
,,,Brnjavac
,,,Crevarska Strana
,,,Čremušnica
,,,Dugo Selo
,,,Golinja
,,,Gornja Čemernica
,,,Gornja Trstenica
,,,Gvozd
,,,Kirin
,,,Kozarac
,,,Ostrožin
,,,Pješčanica
,,,Podgorje
,,,Slavsko Polje
,,,Stipan
,,,Šljivovac
,,,Trepča 
,,Hrvatska Dubica,Baćin
,,,Donji Cerovljani
,,,Gornji Cerovljani
,,,Hrvatska Dubica
,,,Slabinja
,,,Živaja 
,,Jasenovac,Drenov Bok
,,,Jasenovac
,,,Košutarica
,,,Krapje
,,,Mlaka
,,,Puska
,,,Tanac
,,,Trebež
,,,Uštica
,,,Višnjica Uštička 
,,Lekenik,Brežane Lekeničke
,,,Brkiševina
,,,Cerje Letovanićko
,,,Donji Vukojevac
,,,Dužica
,,,Gornji Vukojevac
,,,Lekenik
,,,Letovanić
,,,Palanjek Pokupski
,,,Pešćenica
,,,Petrovec
,,,Pokupsko Vratečko
,,,Poljana Lekenička
,,,Stari Brod
,,,Stari Farkašić
,,,Šišinec
,,,Vrh Letovanićki
,,,Žažina 
,,Lipovljani,Kraljeva Velika
,,,Krivaj
,,,Lipovljani
,,,Piljenice 
,,Majur,Gornja Meminska
,,,Gornji Hrastovac
,,,Graboštani
,,,Kostrići
,,,Majur
,,,Malo Krčevo
,,,Mračaj
,,,Srednja Meminska
,,,Stubalj
,,,Svinica
,,,Veliko Krčevo 
,,Martinska Ves,Bok Palanječki
,,,Desni Dubrovčak
,,,Desno Trebarjevo
,,,Desno Željezno
,,,Jezero Posavsko
,,,Lijeva Luka
,,,Lijevo Trebarjevo
,,,Lijevo Željezno
,,,Ljubljanica
,,,Mahovo
,,,Martinska Ves
,,,Setuš
,,,Strelečko
,,,Tišina Erdedska
,,,Tišina Kaptolska
,,,Žirčica 
,,Sunja,Bestrma
,,,Bistrač
,,,Blinjska Greda
,,,Bobovac
,,,Brđani Cesta
,,,Brđani Kosa
,,,Crkveni Bok
,,,Čapljani
,,,Četvrtkovac
,,,Donja Letina
,,,Donji Hrastovac
,,,Drljača
,,,Gornja Letina
,,,Gradusa Posavska
,,,Greda Sunjska
,,,Ivanjski Bok
,,,Jasenovčani
,,,Kinjačka
,,,Kladari
,,,Kostreši Šaški
,,,Krivaj Sunjski
,,,Mala Gradusa
,,,Mala Paukova
,,,Novoselci
,,,Papići
,,,Petrinjci
,,,Pobrđani
,,,Radonja Luka
,,,Selišće Sunjsko
,,,Sjeverovac
,,,Slovinci
,,,Staza
,,,Strmen
,,,Sunja
,,,Šaš
,,,Timarci
,,,Vedro Polje
,,,Velika Gradusa
,,,Vukoševac
,,,Žreme 
,,Topusko,Batinova Kosa
,,,Bukovica
,,,Crni Potok
,,,Donja Čemernica
,,,Gređani
,,,Hrvatsko Selo
,,,Katinovac
,,,Mala Vranovina
,,,Malička
,,,Pecka
,,,Perna
,,,Ponikvari
,,,Staro Selo Topusko
,,,Topusko
,,,Velika Vranovina
,,,Vorkapić 
,,Velika Ludina,Gornja Vlahinićka
,,,Grabričina
,,,Grabrov Potok
,,,Katoličko Selišće
,,,Kompator
,,,Ludinica
,,,Mala Ludina
,,,Mustafina Klada
,,,Okoli
,,,Ruškovica
,,,Velika Ludina
,,,Vidrenjak 
,Popovača,,Ciglenica
,,,Donja Gračenica
,,,Donja Jelenska
,,,Donja Vlahinička
,,,Gornja Gračenica
,,,Gornja Jelenska
,,,Moslavačka Slatina
,,,Osekovo
,,,Podbrđe
,,,Popovača
,,,Potok
,,,Stružec
,,,Voloder 
Karlovačka županija,Duga Resa,,Belajska Vinica
,,,Belavići
,,,Bošt
,,,Cerovački Galovići
,,,Donje Mrzlo Polje
,,,Donji Zvečaj
,,,Duga Resa
,,,Dvorjanci
,,,Galović Selo
,,,Gorica
,,,Gornje Mrzlo Polje
,,,Grganjica
,,,Gršćaki
,,,Kozalj Vrh
,,,Lišnica
,,,Mihalić Selo
,,,Mrežničke Poljice
,,,Mrežnički Brig
,,,Mrežnički Novaki
,,,Mrežnički Varoš
,,,Mrežničko
,,,Mrežničko Dvorište
,,,Novo Brdo Mrežničko
,,,Pećurkovo Brdo
,,,Petrakovo Brdo
,,,Sveti Petar Mrežnički
,,,Šeketino Brdo
,,,Venac Mrežnički
,,,Zvečaj 
,Karlovac,,Banska Selnica
,,,Banski Moravci
,,,Blatnica Pokupska
,,,Brezova Glava
,,,Brežani
,,,Duga Resa
,,,Cerovac Vukmanićki
,,,Donja Trebinja
,,,Donje Mekušje
,,,Donji Sjeničak
,,,Gornja Trebinja
,,,Gornje Stative
,,,Gornji Sjeničak
,,,Goršćaki
,,,Husje
,,,Ivančići Pokupski
,,,Ivanković Selo
,,,Ivošević Selo
,,,Kablar
,,,Karasi
,,,Karlovac
,,,Klipino Brdo
,,,Kljaić Brdo
,,,Knez Gorica
,,,Kobilić Pokupski
,,,Konjkovsko
,,,Koritinja
,,,Ladvenjak
,,,Lipje
,,,Luka Pokupska
,,,Mahićno
,,,Manjerovići
,,,Okić
,,,Popović Brdo
,,,Priselci
,,,Rečica
,,,Ribari
,,,Skakavac
,,,Slunjska Selnica
,,,Slunjski Moravci
,,,Šebreki
,,,Šišljavić
,,,Tušilović
,,,Tuškani
,,,Udbinja
,,,Utinja
,,,Vodostaj
,,,Vukmanić
,,,Vukoder
,,,Zadobarje
,,,Zagraj
,,,Zamršje 
,Ogulin,,Desmerice
,,,Donje Dubrave
,,,Donje Zagorje
,,,Drežnica
,,,Dujmić Selo
,,,Gornje Dubrave
,,,Gornje Zagorje
,,,Hreljin Ogulinski
,,,Jasenak
,,,Marković Selo
,,,Ogulin
,,,Otok Oštarijski
,,,Ponikve
,,,Popovo Selo
,,,Potok Musulinski
,,,Puškarići
,,,Ribarići
,,,Sabljak Selo
,,,Salopek Selo
,,,Sveti Petar
,,,Trošmarija
,,,Turkovići Ogulinski
,,,Vitunj
,,,Zagorje 
,Ozalj,,Badovinci
,,,Belinsko Selo
,,,Belošići
,,,Boševci
,,,Brašljevica
,,,Bratovanci
,,,Brezje Vivodinsko
,,,Breznik
,,,Brezovica Žumberačka
,,,Budim Vivodinski
,,,Bulići
,,,Cerje Vivodinsko
,,,Cvetišće
,,,Dančulovići
,,,Dojutrovica
,,,Doljani Žumberački
,,,Donji Lović
,,,Donji Oštri Vrh Ozaljski
,,,Dragoševci
,,,Dučići
,,,Durlinci
,,,Dvorišće Ozaljsko
,,,Dvorišće Vivodinsko
,,,Ferenci
,,,Fratrovci Ozaljski
,,,Furjanići
,,,Galezova Draga
,,,Galin
,,,Goleši Žumberački
,,,Goli Vrh Ozaljski
,,,Gorniki Vivodinski
,,,Gornje Pokupje
,,,Gornji Lović
,,,Gornji Oštri Vrh Ozaljski
,,,Goršćaki Ozaljski
,,,Grandić Breg
,,,Grdun
,,,Gudalji
,,,Hodinci
,,,Hrastovica Vivodinska
,,,Ilovac
,,,Jaškovo
,,,Kamenci
,,,Kašt
,,,Keseri
,,,Kuljaji
,,,Kunčani
,,,Levkušje
,,,Liješće
,,,Lović Prekriški
,,,Lukšići Ozaljski
,,,Lukunić Draga
,,,Mali Erjavec
,,,Malinci
,,,Novaki Ozaljski
,,,Obrež Vivodinski
,,,Ozalj
,,,Pećarići
,,,Petruš Vrh
,,,Pilatovci
,,,Podbrežje
,,,Podgraj
,,,Police Pirišće
,,,Polje Ozaljsko
,,,Popovići Žumberački
,,,Požun
,,,Radatovići
,,,Radina Vas
,,,Rajakovići
,,,Rujevo
,,,Sekulići
,,,Slapno
,,,Soldatići
,,,Sršići
,,,Stojavnica
,,,Svetice
,,,Svetičko Hrašće
,,,Šiljki
,,,Škaljevica
,,,Tomašnica
,,,Trešćerovac
,,,Trg
,,,Varaštovac
,,,Veliki Erjavec
,,,Vini Vrh
,,,Vivodina
,,,Vrbanska Draga
,,,Vrh Ozaljski
,,,Vrhovac
,,,Vrhovački Sopot
,,,Vrškovac
,,,Vuketić
,,,Vuksani
,,,Zajačko Selo
,,,Zaluka
,,,Zorkovac
,,,Zorkovac na Kupi
,,,Zorkovac Vivodinski 
,Slunj,,Arapovac
,,,Bandino Selo
,,,Blagaj
,,,Bukovac Perjasički
,,,Crno Vrelo
,,,Cvijanović Brdo
,,,Cvitović
,,,Čamerovac
,,,Donja Glina
,,,Donja Visočka
,,,Donje Primišlje
,,,Donje Taborište
,,,Donji Cerovac
,,,Donji Furjan
,,,Donji Kremen
,,,Donji Lađevac
,,,Donji Nikšić
,,,Donji Poloj
,,,Donji Popovac
,,,Dubrave
,,,Glinsko Vrelo
,,,Gornja Glina
,,,Gornja Visočka
,,,Gornje Primišlje
,,,Gornje Taborište
,,,Gornji Cerovac
,,,Gornji Furjan
,,,Gornji Kremen
,,,Gornji Lađevac
,,,Gornji Nikšić
,,,Gornji Popovac
,,,Grobnik
,,,Jame
,,,Klanac Perjasički
,,,Kosa
,,,Kosijer Selo
,,,Kutanja
,,,Kuzma Perjasička
,,,Lađevačko Selište
,,,Lapovac
,,,Lumbardenik
,,,Mali Vuković
,,,Marindolsko Brdo
,,,Miljevac
,,,Mjesto Primišlje
,,,Novo Selo
,,,Pavlovac
,,,Podmelnica
,,,Polje
,,,Rabinja
,,,Rastoke
,,,Salopek Luke
,,,Sastavak
,,,Slunj
,,,Slunjčica
,,,Snos
,,,Sparednjak
,,,Stojmerić
,,,Šlivnjak
,,,Točak
,,,Tržić Primišljanski
,,,Veljun
,,,Veljunska Glina
,,,Veljunski Ponorac
,,,Videkić Selo
,,,Zapoljak
,,,Zečev Varoš 
,,Barilović,Banjsko Selo
,,,Barilović
,,,Belaj
,,,Belajske Poljice
,,,Belajski Malinci
,,,Carevo Selo
,,,Cerovac Barilovićki
,,,Donja Perjasica
,,,Donji Skrad
,,,Donji Velemerić
,,,Gaćeško Selo
,,,Gornji Poloj
,,,Gornji Velemerić
,,,Kestenak
,,,Koranska Strana
,,,Koranski Brijeg
,,,Koransko Selo
,,,Kosijersko Selo
,,,Križ Koranski
,,,Leskovac Barilovićki
,,,Lučica
,,,Mala Kosa
,,,Mali Kozinac
,,,Marlovac
,,,Maurovići
,,,Miloševac
,,,Mrežnica
,,,Novi Dol
,,,Novo Selo Perjasičko
,,,Orijevac
,,,Perjasica
,,,Podvožić
,,,Ponorac Perjasički
,,,Potplaninsko
,,,Siča
,,,Srednji Poloj
,,,Svojić
,,,Šćulac
,,,Štirkovac
,,,Točak Perjasički
,,,Veliki Kozinac
,,,Vijenac Barilovićki
,,,Zinajevac
,,,Žabljak 
,,Bosiljevo,Beč
,,,Bitorajci
,,,Bosanci
,,,Bosiljevo
,,,Dani
,,,Dugače
,,,Fratrovci
,,,Fučkovac
,,,Glavica
,,,Grabrk
,,,Hrsina
,,,Jančani
,,,Johi
,,,Kasuni
,,,Korenić Brdo
,,,Kraljevo Selo
,,,Krč Bosiljevski
,,,Laslavići
,,,Lipovšćaki
,,,Lisičina Gorica
,,,Malik
,,,Mateše
,,,Milani
,,,Novo Selo Bosiljevsko
,,,Orišje
,,,Otok na Dobri
,,,Podrebar
,,,Podumol
,,,Potok Bosiljevski
,,,Pribanjci
,,,Rendulići
,,,Resnik Bosiljevski
,,,Sela Bosiljevska
,,,Skoblić Brdo
,,,Soline
,,,Spahići
,,,Strgari
,,,Špehari
,,,Umol
,,,Varoš Bosiljevska
,,,Vodena Draga
,,,Vrhova Gorica
,,,Žubrinci 
,,Cetingrad,Batnoga
,,,Begovo Brdo
,,,Bilo
,,,Bogovolja
,,,Buhača
,,,Cetingrad
,,,Cetinski Varoš
,,,Delić Poljana
,,,Donja Žrvnica
,,,Donje Gnojnice
,,,Đurin Potok
,,,Glinice
,,,Gnojnice
,,,Gojkovac
,,,Gornja Žrvnica
,,,Gornje Gnojnice
,,,Grabarska
,,,Kapljuv
,,,Kestenje
,,,Komesarac
,,,Kruškovača
,,,Kuk
,,,Luke
,,,Maljevac
,,,Maljevačko Selište
,,,Pašin Potok
,,,Podcetin
,,,Polojski Varoš
,,,Ponor
,,,Ruševica
,,,Sadikovac
,,,Srednje Selo
,,,Strmačka
,,,Šiljkovača
,,,Tatar Varoš
,,,Trnovi 
,,Draganić ,Draganić
,,Generalski Stol,Brcković Draga
,,,Crno Kamanje
,,,Dobrenići
,,,Donje Bukovlje
,,,Duga Gora
,,,Erdelj
,,,Generalski Stol
,,,Goričice Dobranske
,,,Gorinci
,,,Gornje Bukovlje
,,,Gornji Zvečaj
,,,Gradišće
,,,Jankovo Selište
,,,Keići
,,,Lešće
,,,Lipa
,,,Lipov Pesak
,,,Mateško Selo
,,,Mrežnički Brest
,,,Petrunići
,,,Protulipa
,,,Radočaji
,,,Sarovo
,,,Skukani
,,,Tomašići
,,,Trnovo 
,,Josipdol,Carevo Polje
,,,Cerovnik
,,,Istočni Trojvrh
,,,Josipdol
,,,Modruš
,,,Munjava
,,,Munjava Modruška
,,,Oštarije
,,,Sabljaki Modruški
,,,Salopeki Modruški
,,,Skradnik
,,,Trojvrh
,,,Vajin Vrh
,,,Vojnovac 
,,Kamanje,Brlog Ozaljski
,,,Kamanje
,,,Mali Vrh Kamanjski
,,,Orljakovo
,,,Preseka Ozaljska
,,,Reštovo
,,,Veliki Vrh Kamanjski
,,Krnjak,Bijeli Klanac
,,,Brebornica
,,,Budačka Rijeka
,,,Burić Selo
,,,Čatrnja
,,,Donji Budački
,,,Dugi Dol
,,,Dvorište
,,,Gornji Budački
,,,Gornji Skrad
,,,Grabovac Krnjački
,,,Grabovac Vojnićki
,,,Hrvatsko Žarište
,,,Jasnić Brdo
,,,Keserov Potok
,,,Krnjak
,,,Mala Crkvina
,,,Mlakovac
,,,Pavković Selo
,,,Perići
,,,Podgorje Krnjačko
,,,Poljana Vojnićka
,,,Ponorac
,,,Rastovac Budački
,,,Suhodol Budački
,,,Trupinjak
,,,Velika Crkvina
,,,Vojnović Brdo
,,,Zagorje
,,,Zimić 
,,Lasinja,Banski Kovačevac
,,,Crna Draga
,,,Desni Štefanki
,,,Desno Sredičko
,,,Lasinja
,,,Novo Selo Lasinjsko
,,,Prkos Lasinjski
,,,Sjeničak Lasinjski 
,,Netretić,Baići
,,,Bogovci
,,,Brajakovo Brdo
,,,Bukovje Netretićko
,,,Culibrki
,,,Donje Prilišće
,,,Donje Stative
,,,Dubravci
,,,Dubravčani
,,,Frketić Selo
,,,Goli Vrh Netretićki
,,,Gornje Prilišće
,,,Jakovci Netretićki
,,,Jarče Polje
,,,Kolenovac
,,,Kučevice
,,,Kunići Ribnički
,,,Ladešići
,,,Lončar Brdo
,,,Lonjgari
,,,Maletići
,,,Mali Modruš Potok
,,,Mračin
,,,Mrzljaki
,,,Netretić
,,,Novigrad na Dobri
,,,Pavičići
,,,Piščetke
,,,Planina Kunićka
,,,Račak
,,,Rešetarevo
,,,Rosopajnik
,,,Skupica
,,,Srednje Prilišće
,,,Straža
,,,Tončići
,,,Veliki Modruš Potok
,,,Vinski Vrh
,,,Vukova Gorica
,,,Zaborsko Selo
,,,Zagradci
,,,Završje Netretićko 
,,Plaški,Janja Gora
,,,Jezero I. Dio
,,,Kunić
,,,Lapat
,,,Latin
,,,Međeđak
,,,Plaški
,,,Pothum Plaščanski 
,,Rakovica,Basara
,,,Brajdić Selo
,,,Brezovac
,,,Broćanac
,,,Čatrnja
,,,Ćuić Brdo
,,,Drage
,,,Drežnik Grad
,,,Gornja Močila
,,,Grabovac
,,,Irinovac
,,,Jamarje
,,,Jelov Klanac
,,,Koranski Lug
,,,Kordunski Ljeskovac
,,,Korita
,,,Lipovac
,,,Lipovača
,,,Mašvina
,,,Nova Kršlja
,,,Oštarski Stanovi
,,,Rakovica
,,,Rakovičko Selište
,,,Sadilovac
,,,Selište Drežničko
,,,Stara Kršlja 
,,Ribnik,Donja Stranica
,,,Drenovica Lipnička
,,,Gorica Lipnička
,,,Gornja Stranica
,,,Gornji Goli Vrh Lipnički
,,,Griče
,,,Jarnevići
,,,Jasenovica
,,,Lipnik
,,,Martinski Vrh
,,,Novaki Lipnički
,,,Obrh
,,,Ravnica
,,,Ribnik
,,,Skradsko Selo
,,,Sopčić Vrh
,,,Veselići 
,,Saborsko,Begovac
,,,Blata
,,,Lička Jesenica
,,,Saborsko 
,,Tounj,Gerovo Tounjsko
,,,Kamenica Skradnička
,,,Potok Tounjski
,,,Rebrovići
,,,Tounj
,,,Tržić Tounjski
,,,Zdenac 
,,Vojnić,Brdo Utinjsko
,,,Bukovica Utinjska
,,,Donja Brusovača
,,,Dunjak
,,,Džaperovac
,,,Gačeša Selo
,,,Gejkovac
,,,Gornja Brusovača
,,,Jagrovac
,,,Johovo
,,,Jurga
,,,Kartalije
,,,Kestenovac
,,,Klokoč
,,,Klupica
,,,Ključar
,,,Knežević Kosa
,,,Kokirevo
,,,Kolarić
,,,Krivaja Vojnićka
,,,Krstinja
,,,Kupljensko
,,,Kusaja
,,,Lipovac Krstinjski
,,,Lisine
,,,Loskunja
,,,Malešević Selo
,,,Mandić Selo
,,,Međeđak Utinjski
,,,Miholjsko
,,,Mracelj
,,,Mračaj Krstinjski
,,,Petrova Poljana
,,,Podsedlo
,,,Prisjeka
,,,Radmanovac
,,,Radonja
,,,Rajić Brdo
,,,Selakova Poljana
,,,Svinica Krstinjska
,,,Široka Rijeka
,,,Štakorovica
,,,Utinja Vrelo
,,,Vojišnica
,,,Vojnić
,,,Živković Kosa 
,,Žakanje,Breznik Žakanjski
,,,Brihovo
,,,Bubnjarački Brod
,,,Bubnjarci
,,,Donji Bukovac Žakanjski
,,,Ertić
,,,Gornji Bukovac Žakanjski
,,,Jadrići
,,,Jugovac
,,,Jurovo
,,,Jurovski Brod
,,,Kohanjac
,,,Mala Paka
,,,Mišinci
,,,Mošanci
,,,Pravutina
,,,Sela Žakanjska
,,,Sračak
,,,Stankovci
,,,Velika Paka
,,,Zaluka Lipnička
,,,Žakanje 
Varaždinska županija,Ivanec,,Bedenec
,,,Cerje Tužno
,,,Gačice
,,,Gečkovec
,,,Horvatsko
,,,Ivanec
,,,Ivanečka Željeznica
,,,Ivanečki Vrhovec
,,,Ivanečko Naselje
,,,Jerovec
,,,Kaniža
,,,Knapić
,,,Lančić
,,,Lovrečan
,,,Lukavec
,,,Margečan
,,,Osečka
,,,Pece
,,,Prigorec
,,,Punikve
,,,Radovan
,,,Ribić Breg
,,,Salinovec
,,,Seljanec
,,,Stažnjevec
,,,Škriljevec
,,,Vitešinec
,,,Vuglovec
,,,Željeznica
,Lepoglava,,Bednjica
,,,Crkovec
,,,Donja Višnjica
,,,Gornja Višnjica
,,,Jazbina Višnjička
,,,Kamenica
,,,Kamenički Vrhovec
,,,Kameničko Podgorje
,,,Lepoglava
,,,Muričevec
,,,Očura
,,,Viletinec
,,,Vulišinec
,,,Zalužje
,,,Zlogonje
,,,Žarovnica
,Ludbreg,,Apatija
,,,Bolfan
,,,Čukovec
,,,Globočec Ludbreški
,,,Hrastovsko
,,,Kućan Ludbreški
,,,Ludbreg
,,,Poljanec
,,,Segovina
,,,Selnik
,,,Sigetec Ludbreški
,,,Slokovec
,,,Vinogradi Ludbreški
,Novi Marof,,Bela
,,,Donje Makojišće
,,,Filipići
,,,Gornje Makojišće
,,,Grana
,,,Jelenščak
,,,Kamena Gorica
,,,Ključ
,,,Krč
,,,Madžarevo
,,,Možđenec
,,,Novi Marof
,,,Orehovec
,,,Oštrice
,,,Paka
,,,Podevčevo
,,,Podrute
,,,Presečno
,,,Remetinec
,,,Strmec Remetinečki
,,,Sudovec
,,,Topličica
,,,Završje Podbelsko
,Varaždin,,Črnec Biškupečki
,,,Donji Kućan
,,,Gojanec
,,,Gornji Kućan
,,,Hrašćica
,,,Jalkovec
,,,Kućan Marof
,,,Poljana Biškupečka
,,,Varaždin
,,,Zbelava
,Varaždinske Toplice,,Boričevec Toplički Črnile
,,,Čurilovec
,,,Donja Poljana
,,,Drenovec
,,,Gornja Poljana
,,,Grešćevina
,,,Hrastovec Toplički
,,,Jalševec Svibovečki
,,,Jarki Horvatićevi
,,,Leskovec Toplički
,,,Lovrentovec
,,,Lukačevec Toplički
,,,Martinkovec
,,,Petkovec Toplički
,,,Pišćanovec
,,,Retkovec Svibovečki
,,,Rukljevina
,,,Svibovec
,,,Škarnik
,,,Tuhovec
,,,Varaždinske Toplice
,,,Vrtlinovec
,,Bednja,Bednja
,,,Benkovec
,,,Brezova Gora
,,,Cvetlin
,,,Jamno
,,,Jazbina Cvetlinska
,,,Ježovec
,,,Mali Gorenec
,,,Meljan
,,,Osonjak
,,,Pašnik
,,,Pleš
,,,Podgorje Bednjansko
,,,Prebukovje
,,,Purga Bednjanska
,,,Rinkovec
,,,Sveti Josip
,,,Šaša
,,,Šinkovica Bednjanska
,,,Šinkovica Šaška
,,,Trakošćan
,,,Veliki Gorenec
,,,Vranojelje
,,,Vrbno
,,,Vrhovec Bednjanski
,,Beretinec,Beretinec
,,,Črešnjevo
,,,Ledinec
,,Breznica,Bisag
,,,Borenec
,,,Breznica
,,,Čret Bisaški
,,,Drašković
,,,Jales Breznički
,,,Jarek Bisaški
,,,Mirkovec Breznički
,,,Podvorec
,,,Tkalec
,,Breznički Hum,Breznički Hum
,,,Butkovec
,,,Krščenovec
,,,Radešić
,,,Šćepanje
,,Cestica,Babinec
,,,Brezje Dravsko
,,,Cestica
,,,Dubrava Križovljanska
,,,Falinić Breg
,,,Gornje Vratno
,,,Jarki
,,,Kolarovec
,,,Križanče
,,,Križovljan Radovečki
,,,Mali Lovrečan
,,,Malo Gradišće
,,,Natkrižovljan
,,,Otok Virje
,,,Radovec
,,,Radovec Polje
,,,Selci Križovljanski
,,,Veliki Lovrečan
,,,Virje Križovljansko
,,,Vratno Otok
,,Donja Voća,Budinščak
,,,Donja Voća
,,,Fotez Breg
,,,Gornja Voća
,,,Jelovec Voćanski
,,,Plitvica Voćanska
,,,Rijeka Voćanska
,,,Slivarsko
,,Gornji Kneginec,Donji Kneginec
,,,Gornji Kneginec
,,,Lužan Biškupečki
,,,Turčin
,,,Varaždin Breg
,,Jalžabet,Imbriovec Jalžabetski
,,,Jakopovec
,,,Jalžabet
,,,Kaštelanec
,,,Kelemen
,,,Leštakovec
,,,Novakovec
,,,Pihovec
,,Klenovnik,Dubravec
,,,Goranec
,,,Klenovnik
,,,Lipovnik
,,,Plemenšćina
,,,Vukovoj
,,Ljubešćica,Kapela Kalnička
,,,Ljubelj
,,,Ljubelj Kalnički
,,,Ljubešćica
,,,Rakovec
,,Mali Bukovec,Lunjkovec
,,,Mali Bukovec
,,,Martinić
,,,Novo Selo Podravsko
,,,Sveti Petar
,,,Županec
,,Martijanec,Čičkovina
,,,Gornji Martijanec
,,,Hrastovljan
,,,Križovljan
,,,Madaraševec
,,,Martijanec
,,,Rivalno
,,,Slanje
,,,Sudovčina
,,,Vrbanovec
,,Maruševec,Bikovec
,,,Biljevec
,,,Brodarovec
,,,Cerje Nebojse
,,,Čalinec
,,,Donje Ladanje
,,,Druškovec
,,,Greda
,,,Jurketinec
,,,Kapelec
,,,Korenjak
,,,Koretinec
,,,Koškovec
,,,Maruševec
,,,Novaki
,,,Selnik
,,Petrijanec,Donje Vratno
,,,Družbinec
,,,Majerje
,,,Nova Ves Petrijanečka
,,,Petrijanec
,,,Strmec Podravski
,,,Zelendvor
,,Sračinec,Sračinec
,,,Svibovec Podravski
,,Sveti Đurđ,Hrženica
,,,Karlovec Ludbreški
,,,Komarnica Ludbreška
,,,Luka Ludbreška
,,,Obrankovec
,,,Priles
,,,Sesvete Ludbreške
,,,Struga
,,,Sveti Đurđ
,,Sveti Ilija,Beletinec
,,,Doljan
,,,Križanec
,,,Krušljevec
,,,Seketin
,,,Sveti Ilija
,,,Tomaševec Biškupečki
,,,Žigrovec
,,Trnovec Bartolovečki,Bartolovec
,,,Šemovec
,,,Štefanec
,,,Trnovec
,,,Zamlaka
,,,Žabnik
,,Veliki Bukovec,Dubovica
,,,Kapela Podravska
,,,Veliki Bukovec
,,Vidovec,Budislavec
,,,Cargovec
,,,Domitrovec
,,,Krkanec
,,,Nedeljanec
,,,Papinec
,,,Prekno
,,,Šijanec
,,,Tužno
,,,Vidovec
,,,Zamlača
,,Vinica,Donje Vratno
,,,Gornje Ladanje
,,,Goruševnjak
,,,Marčan
,,,Pešćenica Vinička
,,,Vinica
,,,Vinica Breg
,,Visoko,Čanjevo
,,,Đurinovec
,,,Kračevec
,,,Presečno Visočko
,,,Vinično
,,,Visoko
,,,Vrh Visočki
Koprivničko-križevačka županija,Đurđevac,,Budrovac
,,,Čepelovac
,,,Đurđevac
,,,Grkine
,,,Mičetinac
,,,Severovci
,,,Sirova Katalena
,,,Suha Katalena
,,,Sveta Ana 
,Koprivnica,,Bakovčica
,,,Draganovec
,,,Herešin
,,,Jagnjedovec
,,,Koprivnica
,,,Kunovec Breg
,,,Reka
,,,Starigrad
,,,Štaglinec 
,Križevci,,Apatovec
,,,Beketinec
,,,Bojnikovec
,,,Bukovje Križevačko
,,,Carevdar
,,,Cubinec
,,,Čabraji
,,,Dijankovec
,,,Doljanec
,,,Donja Brckovčina
,,,Donja Glogovnica
,,,Donji Dubovec
,,,Đurđic
,,,Erdovec
,,,Gornja Brckovčina
,,,Gornja Glogovnica
,,,Gornji Dubovec
,,,Gračina
,,,Ivanec Križevački
,,,Jarčani
,,,Karane
,,,Kloštar Vojakovački
,,,Kostadinovac
,,,Križevci
,,,Kučari
,,,Kunđevec
,,,Lemeš
,,,Lemeš Križevački
,,,Majurec
,,,Male Sesvete
,,,Mali Carevdar
,,,Mali Potočec
,,,Mali Raven
,,,Marinovec
,,,Mičijevac
,,,Novaki Ravenski
,,,Novi Bošnjani
,,,Novi Đurđic
,,,Osijek Vojakovački
,,,Pavlovec Ravenski
,,,Pesek
,,,Pobrđani Vojakovački
,,,Podgajec
,,,Poljana Križevačka
,,,Povelić
,,,Prikraj Križevački
,,,Ruševac
,,,Srednji Dubovec
,,,Stara Ves Ravenska
,,,Stari Bošnjani
,,,Sveta Helena
,,,Sveti Martin
,,,Špiranec
,,,Većeslavec
,,,Velike Sesvete
,,,Veliki Potočec
,,,Veliki Raven
,,,Vojakovac
,,,Vujići Vojakovački
,,,Žibrinovec 
,,Drnje,Botovo
,,,Drnje
,,,Torčec 
,,Đelekovec,Đelekovec
,,,Imbriovec 
,,Ferdinandovac,Brodić
,,,Ferdinandovac 
,,Gola,Gola
,,,Gotalovo
,,,Novačka
,,,Otočka
,,,Ždala 
,,Gornja Rijeka,Barlabaševac
,,,Deklešanec
,,,Donja Rijeka
,,,Dropkovec
,,,Fajerovec
,,,Fodrovec Riječki
,,,Gornja Rijeka
,,,Kolarec
,,,Kostanjevec Riječki
,,,Lukačevec
,,,Nemčevec
,,,Pofuki
,,,Štrigovec
,,,Vukšinec Riječki
,,Hlebine,Gabajeva Greda
,,,Hlebine 
,,Kalinovac,Batinske
,,,Kalinovac
,,,Ladna Voda
,,,Molvice 
,,Kalnik,Borje
,,,Kalnik
,,,Kamešnica
,,,Obrež Kalnički
,,,Popovec Kalnički
,,,Potok Kalnički
,,,Šopron
,,,Vojnovec Kalnički 
,,Kloštar Podravski,Budančevica
,,,Kloštar Podravski
,,,Kozarevac
,,,Prugovac 
,,Koprivnički Bregi,Glogovac
,,,Jeduševac
,,,Koprivnički Bregi 
,,Koprivnički Ivanec,Botinovec
,,,Goričko
,,,Koprivnički Ivanec
,,,Kunovec
,,,Pustakovec 
,,Legrad,Antolovec
,,,Kutnjak
,,,Legrad
,,,Mali Otok
,,,Selnica Podravska
,,,Veliki Otok
,,,Zablatje 
,,Molve,Čingi Lingi
,,,Molve
,,,Molve Grede
,,,Repaš 
,,Novigrad Podravski,Borovljani
,,,Delovi
,,,Javorovac
,,,Novigrad Podravski
,,,Plavšinac
,,,Srdinac
,,,Vlaislav 
,,Novo Virje ,Novo Virje 
,,Peteranec,Komatnica
,,,Peteranec
,,,Sigetec
,,Podravske Sesvete ,Podravske Sesvete
,,Rasinja,Belanovo Selo
,,,Cvetkovec
,,,Duga Rijeka
,,,Gorica
,,,Grbaševec
,,,Ivančec
,,,Koledinec
,,,Kuzminec
,,,Ludbreški Ivanac
,,,Lukovec
,,,Mala Rasinjica
,,,Mala Rijeka
,,,Prkos
,,,Radeljevo Selo
,,,Rasinja
,,,Ribnjak
,,,Subotica Podravska
,,,Velika Rasinjica
,,,Veliki Grabičani
,,,Veliki Poganac
,,,Vojvodinec 
,,Sokolovac,Brđani Sokolovački
,,,Domaji
,,,Donja Velika
,,,Donjara
,,,Donji Maslarac
,,,Gornja Velika
,,,Gornji Maslarac
,,,Grdak
,,,Hudovljani
,,,Jankovac
,,,Kamenica
,,,Ladislav Sokolovački
,,,Lepavina
,,,Mala Branjska
,,,Mala Mučna
,,,Mali Botinovac
,,,Mali Grabičani
,,,Mali Poganac
,,,Miličani
,,,Paunovac
,,,Peščenik
,,,Prnjavor Lepavinski
,,,Rijeka Koprivnička
,,,Rovištanci
,,,Sokolovac
,,,Srijem
,,,Široko Selo
,,,Trnovac Sokolovački
,,,Velika Branjska
,,,Velika Mučna
,,,Veliki Botinovac
,,,Vrhovac Sokolovački 
,,Sveti Ivan Žabno,Brdo
,,,Cirkvensko
,,,Brezovljani
,,,Cepidlak
,,,Cirkvena
,,,Hrsovo
,,,Kenđelovec
,,,Kuštani
,,,Ladinec
,,,Markovac Križevački
,,,Novi Glog
,,,Predavec Križevački
,,,Rašćani
,,,Sveti Ivan Žabno
,,,Sveti Petar Čvrstec
,,,Škrinjari
,,,Trema 
,,Sveti Petar Orehovec,Bočkovec
,,,Bogačevo
,,,Bogačevo Riječko
,,,Brdo Orehovečko
,,,Brezje Miholečko
,,,Brežani
,,,Črnčevec
,,,Dedina
,,,Donji Fodrovec
,,,Ferežani
,,,Finčevec
,,,Gorica Miholečka
,,,Gornji Fodrovec
,,,Gregurovec
,,,Guščerovec
,,,Hižanovec
,,,Hrgovec
,,,Kapela Ravenska
,,,Kusijevec
,,,Međa
,,,Miholec
,,,Mikovec
,,,Mokrice Miholečke
,,,Orehovec
,,,Piškovec
,,,Podvinje Miholečko
,,,Rovci
,,,Sela Ravenska
,,,Selanec
,,,Selnica Miholečka
,,,Sveti Petar Orehovec
,,,Šalamunovec
,,,Vinarec
,,,Voljavec Riječki
,,,Vukovec
,,,Zaistovec
,,,Zamladinec 
,,Virje,Donje Zdjelice
,,,Hampovica
,,,Miholjanec
,,,Rakitnica
,,,Šemovci
,,,Virje 
Bjelovarsko-bilogorska županija,Bjelovar,,Bjelovar
,,,Breza
,,,Brezovac
,,,Ciglena
,,,Galovac
,,,Gornji Tomaš
,,,Gudovac
,,,Klokočevac
,,,Kokinac
,,,Kupinovac
,,,Letičani
,,,Mala Ciglena
,,,Malo Korenovo
,,,Novi Pavljani
,,,Novoseljani
,,,Obrovnica
,,,Patkovac
,,,Plavnice Gornje
,,,Plavnice Stare
,,,Prespa
,,,Prgomelje
,,,Prokljuvani
,,,Puričani
,,,Rajić
,,,Stančići
,,,Stari Pavljani
,,,Tomaš
,,,Trojstveni Markovac
,,,Veliko Korenovo
,,,Zvijerci
,,,Ždralovi 
,Čazma,,Andigola
,,,Bojana
,,,Bosiljevo
,,,Cerina
,,,Čazma
,,,Dapci
,,,Dereza
,,,Donji Draganec
,,,Donji Dragičevci
,,,Donji Lipovčani
,,,Donji Miklouš
,,,Gornji Draganec
,,,Gornji Dragičevci
,,,Gornji Lipovčani
,,,Gornji Miklouš
,,,Grabik
,,,Grabovnica
,,,Komuševac
,,,Marčani
,,,Martinac
,,,Milaševac
,,,Novo Selo
,,,Općevac
,,,Palančani
,,,Pavličani
,,,Pobjenik
,,,Pobrđani
,,,Prnjarovac
,,,Prokljuvani
,,,Sišćani
,,,Sovari
,,,Suhaja
,,,Vagovina
,,,Vrtlinska
,,,Vučani
,,,Zdenčec 
,Daruvar,,Daruvar
,,,Daruvarski Vinogradi
,,,Doljani
,,,Donji Daruvar
,,,Gornji Daruvar
,,,Lipovac Majur
,,,Ljudevit Selo
,,,Markovac
,,,Vrbovac 
,Garešnica,,Ciglenica
,,,Dišnik
,,,Duhovi
,,,Garešnica
,,,Garešnički Brestovac
,,,Gornji Uljanik
,,,Hrastovac
,,,Kajgana
,,,Kaniška Iva
,,,Kapelica
,,,Mala Bršljanica
,,,Mali Pašijan
,,,Malo Vukovje
,,,Rogoža
,,,Tomašica
,,,Trnovitički Popovac
,,,Uljanički Brijeg
,,,Uljanik
,,,Velika Bršljanica
,,,Veliki Pašijan
,,,Veliki Prokop
,,,Veliko Vukovje
,,,Zdenčac 
,Grubišno Polje,,Dapčevićki Brđani
,,,Dijakovac
,,,Donja Rašenica
,,,Gornja Rašenica
,,,Grbavac
,,,Grubišno Polje
,,,Ivanovo Selo
,,,Lončarica
,,,Mala Barna
,,,Mala Dapčevica
,,,Mala Jasenovača
,,,Mala Peratovica
,,,Mali Zdenci
,,,Munije
,,,Orlovac Zdenački
,,,Poljani
,,,Rastovac
,,,Treglava
,,,Turčević Polje
,,,Velika Barna
,,,Velika Dapčevica
,,,Velika Jasenovača
,,,Velika Peratovica
,,,Veliki Zdenci 
,,Berek,Begovača
,,,Berek
,,,Gornja Garešnica
,,,Kostanjevac
,,,Krivaja
,,,Novo Selo Garešničko
,,,Oštri Zid
,,,Podgarić
,,,Potok
,,,Ruškovac
,,,Šimljana
,,,Šimljanica
,,,Šimljanik 
,,Dežanovac,Blagorodovac
,,,Dežanovac
,,,Donji Sređani
,,,Drlež
,,,Golubinjak
,,,Gornji Sređani
,,,Goveđe Polje
,,,Ivanovo Polje
,,,Kaštel Dežanovački
,,,Kreštelovac
,,,Sokolovac
,,,Trojeglava 
,,Đulovac,Bastajski Brđani
,,,Batinjani
,,,Batinjska Rijeka
,,,Borova Kosa
,,,Dobra Kuća
,,,Donja Vrijeska
,,,Donje Cjepidlake
,,,Đulovac
,,,Gornja Vrijeska
,,,Gornje Cjepidlake
,,,Katinac
,,,Koreničani
,,,Kravljak
,,,Mala Babina Gora
,,,Mala Klisa
,,,Mala Maslenjača
,,,Mali Bastaji
,,,Mali Miletinac
,,,Nova Krivaja
,,,Potočani
,,,Puklica
,,,Removac
,,,Stara Krivaja
,,,Škodinovac
,,,Velika Babina Gora
,,,Velika Klisa
,,,Velika Maslenjača
,,,Veliki Bastaji
,,,Veliki Miletinac
,,,Vukovije 
,,Hercegovac,Hercegovac
,,,Ilovski Klokočevac
,,,Ladislav
,,,Palešnik
,,,Velika Trnava 
,,Ivanska,Babinac
,,,Donja Petrička
,,,Đurđic
,,,Gornja Petrička
,,,Ivanska
,,,Kolarevo Selo
,,,Križic
,,,Paljevine
,,,Rastovac
,,,Samarica
,,,Srijedska
,,,Stara Plošćica
,,,Utiskani 
,,Kapela,Babotok
,,,Botinac
,,,Donji Mosti
,,,Gornje Zdelice
,,,Gornji Mosti
,,,Jabučeta
,,,Kapela
,,,Kobasičari
,,,Lalići
,,,Lipovo Brdo
,,,Nova Diklenica
,,,Novi Skucani
,,,Pavlin Kloštar
,,,Poljančani
,,,Prnjavor
,,,Reškovci
,,,Sredice Gornje
,,,Srednja Diklenica
,,,Srednji Mosti
,,,Stanići
,,,Stara Diklenica
,,,Starčevljani
,,,Stari Skucani
,,,Šiptari
,,,Tvrda Reka
,,,Visovi 
,,Končanica,Boriš
,,,Brestovac Daruvarski
,,,Brestovačka Brda
,,,Dioš
,,,Imsovac
,,,Končanica
,,,Otkopi
,,,Stražanac
,,,Šuplja Lipa 
,,Nova Rača,Bedenik
,,,Bulinac
,,,Dautan
,,,Drljanovac
,,,Kozarevac Račanski
,,,Međurača
,,,Nevinac
,,,Nova Rača
,,,Orlovac
,,,Sasovac
,,,Slovinska Kovačica
,,,Stara Rača
,,,Tociljevac 
,,Rovišće,Dijebala
,,,Domankuš
,,,Draganić
,,,Kakinac
,,,Kovačevac
,,,Kraljevac
,,,Lipovčani
,,,Marići
,,,Podgorci
,,,Predavac
,,,Prekobrdo
,,,Rovišće
,,,Tuk
,,,Žabjak 
,,Severin,Orovac
,,,Severin 
,,Sirač,Barica
,,,Bijela
,,,Donji Borki
,,,Gornji Borki
,,,Kip
,,,Miljanovac
,,,Pakrani
,,,Sirač
,,,Srednji Borki
,,,Šibovac
,,,Zaile 
,,Šandrovac,Jasenik
,,,Kašljavac
,,,Lasovac
,,,Lasovac Brdo
,,,Pupelica
,,,Ravneš
,,,Šandrovac 
,,Štefanje,Blatnica
,,,Daskatica
,,,Donja Šušnjara
,,,Gornja Šušnjara
,,,Laminac
,,,Narta
,,,Starine
,,,Staro Štefanje
,,,Štefanje 
,,Velika Pisanica,Babinac
,,,Bačkovica
,,,Bedenička
,,,Čađavac
,,,Nova Pisanica
,,,Polum
,,,Ribnjačka
,,,Velika Pisanica 
,,Velika Trnovitica,Gornja Ploščica
,,,Gornja Trnovitica
,,,Mala Mlinska
,,,Mala Trnovitica
,,,Mlinski Vinogradi
,,,Nova Ploščica
,,,Velika Mlinska
,,,Velika Trnovitica 
,,Veliki Grđevac,Cremušina
,,,Donja Kovačica
,,,Dražica
,,,Gornja Kovačica
,,,Mala Pisanica
,,,Mali Grđevac
,,,Pavlovac
,,,Sibenik
,,,Topolovica
,,,Veliki Grđevac
,,,Zrinska 
,,Veliko Trojstvo,Ćurlovac
,,,Dominkovica
,,,Grginac
,,,Kegljevac
,,,Maglenča
,,,Malo Trojstvo
,,,Martinac
,,,Paulovac
,,,Veliko Trojstvo
,,,Višnjevac
,,,Vrbica 
,,Zrinski Topolovac,Gornji Križ
,,,Jakopovac
,,,Zrinski Topolovac 
Primorsko-goranska županija,Bakar,,Bakar
,,,Hreljin
,,,Krasica
,,,Kukuljanovo
,,,Plosna
,,,Ponikve
,,,Praputnjak
,,,Škrljevo
,,,Zlobin 
,Cres,,Beli
,,,Cres
,,,Dragozetići
,,,Filozići
,,,Grmov
,,,Ivanje
,,,Loznati
,,,Lubenice
,,,Mali Podol
,,,Martinšćica
,,,Merag
,,,Miholašćica
,,,Orlec
,,,Pernat
,,,Porozina
,,,Predošćica
,,,Stanić
,,,Stivan
,,,Sveti Petar
,,,Valun
,,,Važminec
,,,Vidovići
,,,Vodice
,,,Vrana
,,,Zbičina
,,,Zbišina 
,Crikvenica,,Crikvenica
,,,Dramalj
,,,Jadranovo
,,,Selce 
,Čabar,,Bazli
,,,Brinjeva Draga
,,,Čabar
,,,Crni Lazi
,,,Donji Žagari
,,,Fažonci
,,,Ferbežari
,,,Gerovo
,,,Gerovski Kraj
,,,Gorači
,,,Gornji Žagari
,,,Hrib
,,,Kamenski Hrib
,,,Kozji Vrh
,,,Kraljev Vrh
,,,Kranjci
,,,Lautari
,,,Lazi
,,,Makov Hrib
,,,Mali Lug
,,,Mandli
,,,Okrivje
,,,Parg
,,,Plešce
,,,Podstene
,,,Požarnica
,,,Prezid
,,,Prhci
,,,Prhutova Draga
,,,Pršleti
,,,Ravnice
,,,Selo
,,,Smrečje
,,,Smrekari
,,,Sokoli
,,,Srednja Draga
,,,Tropeti
,,,Tršće
,,,Vode
,,,Vrhovci
,,,Zamost
,,,Zbitke 
,Delnice,,Bela Vodica
,,,Belo
,,,Biljevina
,,,Brod na Kupi
,,,Crni Lug
,,,Čedanj
,,,Dedin
,,,Delnice
,,,Donja Krašićevica
,,,Donje Tihovo
,,,Donji Ložac
,,,Donji Okrug
,,,Donji Turni
,,,Gašparci
,,,Golik
,,,Gornja Krašićevica
,,,Gornje Tihovo
,,,Gornji Ložac
,,,Gornji Okrug
,,,Gornji Turni
,,,Grbajel
,,,Guče Selo
,,,Gusti Laz
,,,Hrvatsko
,,,Iševnica
,,,Kalić
,,,Kočičin
,,,Krivac
,,,Kupa
,,,Kuželj
,,,Leska
,,,Lučice
,,,Mala Lešnica
,,,Malo Selo
,,,Marija Trošt
,,,Plajzi
,,,Podgora Turkovska
,,,Požar
,,,Radočaj Brodski
,,,Raskrižje Tihovo
,,,Razloge
,,,Razloški Okrug
,,,Sedalce
,,,Srednja Krašićevica
,,,Suhor
,,,Ševalj
,,,Turke
,,,Vela Voda
,,,Velika Lešnica
,,,Zagolik
,,,Zakrajc Turkovski
,,,Zalesina
,,,Zamost Brodski
,,,Zapolje Brodsko
,,,Zelin Crnoluški 
,Kastav,,Brnčići
,,,Ćikovići
,,,Kastav
,,,Rubeši
,,,Spinčići
,,,Trinajstići 
,Kraljevica,,Bakarac
,,,Kraljevica
,,,Križišće
,,,Mali Dol
,,,Šmrika
,,,Veli Dol 
,Krk,,Bajčići
,,,Brusići
,,,Brzac
,,,Kornić
,,,Krk
,,,Lakmartin
,,,Linardići
,,,Milohnići
,,,Muraj
,,,Nenadići
,,,Pinezići
,,,Poljica
,,,Skrbčići
,,,Vrh
,,,Žgaljići 
,Mali Lošinj,,Belej
,,,Ćunski
,,,Ilovik
,,,Male Srakane
,,,Mali Lošinj
,,,Nerezine
,,,Osor
,,,Punta Križa
,,,Susak
,,,Sveti Jakov
,,,Unije
,,,Ustrine
,,,Vele Srakane
,,,Veli Lošinj 
,Novi Vinodolski,,Bater
,,,Bile
,,,Breze
,,,Crno
,,,Donji Zagon
,,,Drinak
,,,Gornji Zagon
,,,Jakov Polje
,,,Javorje
,,,Klenovica
,,,Krmpotske Vodice
,,,Ledenice
,,,Luka Krmpotska
,,,Novi Vinodolski
,,,Podmelnik
,,,Povile
,,,Ruševo Krmpotsko
,,,Sibinj Krmpotski
,,,Smokvica Krmpotska
,,,Zabukovac 
,Opatija,,Dobreć
,,,Gornje Selo
,,,Ičići
,,,Ika
,,,Opatija
,,,Oprič
,,,Pobri
,,,Poljane
,,,Vela Učka
,,,Veprinac 
,Rab,,Banjol
,,,Barbat na Rabu
,,,Kampor
,,,Mundanije
,,,Palit
,,,Rab
,,,Supetarska Draga 
,Rijeka ,,Rijeka 
,Vrbovsko,,Blaževci
,,,Bunjevci
,,,Carevići
,,,Damalj
,,,Dokmanovići
,,,Dolenci
,,,Donji Vučkovići
,,,Donji Vukšići
,,,Draga Lukovdolska
,,,Dragovići
,,,Gomirje
,,,Gorenci
,,,Gornji Vučkovići
,,,Gornji Vukšići
,,,Hajdine
,,,Hambarište
,,,Jablan
,,,Jakšići
,,,Kamensko
,,,Klanac
,,,Komlenići
,,,Lesci
,,,Liplje
,,,Lukovdol
,,,Ljubošina
,,,Majer
,,,Mali Jadrč
,,,Matići
,,,Međedi
,,,Mlinari
,,,Močile
,,,Moravice
,,,Musulini
,,,Nadvučnik
,,,Nikšići
,,,Osojnik
,,,Petrovići
,,,Plemenitaš
,,,Plešivica
,,,Podvučnik
,,,Poljana
,,,Presika
,,,Radigojna
,,,Radočaj
,,,Radoševići
,,,Rim
,,,Rtić
,,,Severin na Kupi
,,,Smišljak
,,,Stubica
,,,Štefanci
,,,Tići
,,,Tomići
,,,Topolovica
,,,Tuk
,,,Veliki Jadrč
,,,Vrbovsko
,,,Vučinići
,,,Vučnik
,,,Vujnovići
,,,Vukelići
,,,Zapeć
,,,Zaumol
,,,Zdihovo
,,,Žakule 
,,Baška,Baška
,,,Batomalj
,,,Draga Bašćanska
,,,Jurandvor 
,,Brod Moravice,Brod Moravice
,,,Colnari
,,,Čučak
,,,Delači
,,,Doluš
,,,Donja Dobra
,,,Donja Lamana Draga
,,,Donji Šajn
,,,Donji Šehovac
,,,Goliki
,,,Gornja Lamana Draga
,,,Gornji Kuti
,,,Gornji Šajn
,,,Gornji Šehovac
,,,Goršeti
,,,Kavrani
,,,Klepeće Selo
,,,Kocijani
,,,Lokvica
,,,Maklen
,,,Male Drage
,,,Moravička Sela
,,,Naglići
,,,Nove Hiže
,,,Novi Lazi
,,,Pauci
,,,Planica
,,,Podgorani
,,,Podstene
,,,Razdrto
,,,Smišljak
,,,Stari Lazi
,,,Šepci Podstenski
,,,Šimatovo
,,,Vele Drage
,,,Zahrt
,,,Zavrh
,,,Završje 
,,Čavle,Buzdohanj
,,,Cernik
,,,Čavle
,,,Grobnik
,,,Ilovik
,,,Mavrinci
,,,Podčudnič
,,,Podrvanj
,,,Soboli
,,,Zastenice 
,,Dobrinj,Čižići
,,,Dobrinj
,,,Dolovo
,,,Gabonjin
,,,Gostinjac
,,,Hlapa
,,,Klanice
,,,Klimno
,,,Kras
,,,Polje
,,,Rasopasno
,,,Rudine
,,,Soline
,,,Sužan
,,,Sveti Ivan Dobrinjski
,,,Sveti Vid Dobrinjski
,,,Šilo
,,,Tribulje
,,,Žestilac
,,,Županje 
,,Fužine,Belo Selo
,,,Benkovac Fužinski
,,,Fužine
,,,Lič
,,,Slavica
,,,Vrata 
,,Jelenje,Baštijani
,,,Brnelići
,,,Drastin
,,,Dražice
,,,Jelenje
,,,Kukuljani
,,,Lopača
,,,Lubarska
,,,Lukeži
,,,Martinovo Selo
,,,Milaši
,,,Podhum
,,,Podkilavac
,,,Ratulje
,,,Trnovica
,,,Valići
,,,Zoretići 
,,Klana,Breza
,,,Klana
,,,Lisac
,,,Studena
,,,Škalnica 
,,Kostrena,Kostrena
,,Lokve,Homer
,,,Lazac Lokvarski
,,,Lokve
,,,Mrzla Vodica
,,,Podtisovac
,,,Sljeme
,,,Sopač
,,,Zelin Mrzlovodički 
,,Lopar ,Lopar
,,Lovran,Liganj
,,,Lovran
,,,Lovranska Draga
,,,Medveja
,,,Tuliševica 
,,Malinska – Dubašnica,Barušići
,,,Bogovići
,,,Kremenići
,,,Ljutići
,,,Malinska
,,,Maršići
,,,Milčetići
,,,Milovčići
,,,Oštrobradić
,,,Porat
,,,Radići
,,,Sabljići
,,,Sršići
,,,Strilčići
,,,Sveti Anton
,,,Sveti Ivan
,,,Sveti Vid-Miholjice
,,,Turčić
,,,Vantačići
,,,Zidarići
,,,Žgombići 
,,Matulji,Brdce
,,,Bregi
,,,Brešca
,,,Jurdani
,,,Jušići
,,,Kučeli
,,,Lipa
,,,Male Mune
,,,Mali Brgud
,,,Matulji
,,,Mihotići
,,,Mučići
,,,Pasjak
,,,Permani
,,,Rukavac
,,,Rupa
,,,Ružići
,,,Šapjane
,,,Vele Mune
,,,Veli Brgud
,,,Zaluki
,,,Zvoneće
,,,Žejane 
,,Mošćenička Draga,Brseč
,,,Donje Selo
,,,Donji Kraj
,,,Golovik
,,,Grabrova
,,,Kalac
,,,Martina
,,,Mošćenice
,,,Mošćenička Draga
,,,Obrš
,,,Sučići
,,,Sveta Jelena
,,,Sveti Anton
,,,Sveti Petar
,,,Zagore 
,,Mrkopalj,Begovo Razdolje
,,,Brestova Draga
,,,Mrkopalj
,,,Sunger
,,,Tuk Mrkopaljski
,,,Tuk Vojni 
,,Omišalj,Njivice
,,,Omišalj 
,,Punat,Punat
,,,Stara Baška 
,,Ravna Gora,Kupjak
,,,Leskova Draga
,,,Ravna Gora
,,,Stara Sušica
,,,Stari Laz
,,,Šije 
,,Skrad,Belski Ravan
,,,Brezje Dobransko
,,,Bukov Vrh
,,,Bukovac Podvrški
,,,Buzin
,,,Divjake
,,,Gorani
,,,Gorica Skradska
,,,Gornja Dobra
,,,Gramalj
,,,Hlevci
,,,Hosnik
,,,Hribac
,,,Mala Dobra
,,,Malo Selce
,,,Pećišće
,,,Planina Skradska
,,,Podslemeni Lazi
,,,Podstena
,,,Pucak
,,,Raskrižje
,,,Rasohe
,,,Resnatac
,,,Rogi
,,,Skrad
,,,Sleme Skradsko
,,,Trški Lazi
,,,Tusti Vrh
,,,Veliko Selce
,,,Vrh Brodski
,,,Zakrajc Brodski
,,,Žrnovac
,,Vinodolska općina ,Bribir
,,,Drivenik
,,,Grižane-Belgrad
,,,Tribalj
,,Viškovo,Kosi
,,,Marčelji
,,,Marinići
,,,Mladenići
,,,Saršoni
,,,Sroki
,,,Viškovo 
,,Vrbnik,Garica
,,,Kampelje
,,,Risika
,,,Vrbnik 
Ličko-senjska županija,Gospić,,Aleksinica
,,,Barlete
,,,Bilaj
,,,Brezik
,,,Brušane
,,,Budak
,,,Bužim
,,,Debelo Brdo I
,,,Debelo Brdo II
,,,Divoselo
,,,Donje Pazarište
,,,Drenovac Radučki
,,,Gospić
,,,Kalinovača
,,,Kaniža Gospićka
,,,Klanac
,,,Kruščica
,,,Kruškovac
,,,Kukljić
,,,Lički Čitluk
,,,Lički Novi
,,,Lički Osik
,,,Lički Ribnik
,,,Mala Plana
,,,Medak
,,,Mogorić
,,,Mušaluk
,,,Novoselo Bilajsko
,,,Novoselo Trnovačko
,,,Ornice
,,,Ostrvica
,,,Oteš
,,,Pavlovac Vrebački
,,,Počitelj
,,,Podastrana
,,,Podoštra
,,,Popovača Pazariška
,,,Rastoka
,,,Rizvanuša
,,,Smiljan
,,,Smiljansko Polje
,,,Široka Kula
,,,Trnovac
,,,Vaganac
,,,Velika Plana
,,,Veliki Žitnik
,,,Vranovine
,,,Vrebac
,,,Zavođe
,,,Žabica 
,Novalja,,Caska
,,,Gajac
,,,Kustići
,,,Lun
,,,Metajna
,,,Novalja
,,,Potočnica
,,,Stara Novalja
,,,Vidalići
,,,Zubovići 
,Otočac,,Brlog
,,,Brloška Dubrava
,,,Čovići
,,,Dabar
,,,Doljani
,,,Drenov Klanac
,,,Glavace
,,,Gorići
,,,Hrvatsko Polje
,,,Kompolje
,,,Kuterevo
,,,Ličko Lešće
,,,Lipovlje
,,,Otočac
,,,Podum
,,,Ponori
,,,Prozor
,,,Ramljani
,,,Sinac
,,,Staro Selo
,,,Škare
,,,Švica 
,Senj,,Alan
,,,Biljevine
,,,Bunica
,,,Crni Kal
,,,Jablanac
,,,Klada
,,,Krasno
,,,Krivi Put
,,,Lukovo
,,,Melnice
,,,Mrzli Dol
,,,Pijavica
,,,Podbilo
,,,Prizna
,,,Senj
,,,Senjska Draga
,,,Starigrad
,,,Stinica
,,,Stolac
,,,Sveta Jelena
,,,Sveti Juraj
,,,Velike Brisnice
,,,Veljun Primorski
,,,Volarice
,,,Vrataruša
,,,Vratnik
,,,Vrzići 
,,Brinje,Brinje
,,,Glibodol
,,,Jezerane
,,,Križ Kamenica
,,,Križpolje
,,,Letinac
,,,Lipice
,,,Prokike
,,,Rapain Klanac
,,,Stajnica
,,,Vodoteč
,,,Žuta Lokva 
,,Donji Lapac,Birovača
,,,Boričevac
,,,Brezovac Dobroselski
,,,Bušević
,,,Dnopolje
,,,Dobroselo
,,,Doljani
,,,Donji Lapac
,,,Donji Štrbci
,,,Gajine
,,,Gornji Lapac
,,,Gornji Štrbci
,,,Kestenovac
,,,Kruge
,,,Melinovac
,,,Mišljenovac
,,,Nebljusi
,,,Oraovac 
,,Karlobag,Barić Draga
,,,Baške Oštarije
,,,Cesarica
,,,Crni Dabar
,,,Došen Dabar
,,,Karlobag
,,,Konjsko
,,,Kućišta Cesarička
,,,Ledenik Cesarički
,,,Lukovo Šugarje
,,,Ravni Dabar
,,,Staništa
,,,Sušanj Cesarički
,,,Vidovac Cesarički 
,,Lovinac,Gornja Ploča
,,,Kik
,,,Ličko Cerje
,,,Lovinac
,,,Raduč
,,,Ričice
,,,Smokrić
,,,Sveti Rok
,,,Štikada
,,,Vranik 
,,Perušić,Bukovac Perušićki
,,,Donji Kosinj
,,,Gornji Kosinj
,,,Kaluđerovac
,,,Klenovac
,,,Konjsko Brdo
,,,Kosa Janjačka
,,,Kosinjski Bakovac
,,,Kvarte
,,,Krš
,,,Lipovo Polje
,,,Malo Polje
,,,Mezinovac
,,,Mlakva
,,,Perušić
,,,Prvan Selo
,,,Rudinka
,,,Studenci
,,,Sveti Marko
,,,Vukelići 
,,Plitvička jezera,Bjelopolje
,,,Čanak
,,,Čujića Krčevina
,,,Donji Vaganac
,,,Drakulić Rijeka
,,,Gornji Vaganac
,,,Gradina Korenička
,,,Homoljac
,,,Jasikovac
,,,Jezerce
,,,Kalebovac
,,,Kapela Korenička
,,,Kompolje Koreničko
,,,Končarev Kraj
,,,Korana
,,,Korenica
,,,Kozjan
,,,Krbavica
,,,Ličko Petrovo Selo
,,,Mihaljevac
,,,Novo Selo Koreničko
,,,Oravac
,,,Plitvica Selo
,,,Plitvička Jezera
,,,Plitvički Ljeskovac
,,,Poljanak
,,,Ponor Korenički
,,,Prijeboj
,,,Rastovača
,,,Rešetar
,,,Rudanovac
,,,Sertić Poljana
,,,Smoljanac
,,,Šeganovac
,,,Trnavac
,,,Tuk Bjelopoljski
,,,Vranovača
,,,Vrelo Koreničko
,,,Vrpile
,,,Zaklopača
,,,Željava 
,,Udbina,Breštane
,,,Bunić
,,,Čojluk
,,,Debelo Brdo
,,,Donji Mekinjar
,,,Frkašić
,,,Grabušić
,,,Jagodnje
,,,Jošan
,,,Klašnjica
,,,Komić
,,,Krbava
,,,Kurjak
,,,Mutilić
,,,Ondić
,,,Pećane
,,,Podlapača
,,,Poljice
,,,Rebić
,,,Srednja Gora
,,,Svračkovo Selo
,,,Šalamunić
,,,Tolić
,,,Udbina
,,,Vedašić
,,,Visuć 
,,Vrhovine,Donji Babin Potok
,,,Gornje Vrhovine
,,,Gornji Babin Potok
,,,Rudopolje
,,,Turjanski
,,,Vrhovine
,,,Zalužnica 
Virovitičko-podravska županija,Orahovica,,Bijeljevina Orahovička
,,,Crkvari
,,,Dolci
,,,Donja Pištana
,,,Duzluk
,,,Gornja Pištana
,,,Karlovac Feričanački
,,,Kokočak
,,,Magadinovac
,,,Nova Jošava
,,,Orahovica
,,,Stara Jošava
,,,Šumeđe 
,Slatina,,Bakić
,,,Bistrica
,,,Donji Meljani
,,,Golenić
,,,Gornji Miholjac
,,,Ivanbrijeg
,,,Kozice
,,,Lukavac
,,,Markovo
,,,Medinci
,,,Novi Senkovac
,,,Radosavci
,,,Slatina
,,,Sladojevački Lug
,,,Sladojevci 
,Virovitica ,,Čemernica
,,,Golo Brdo
,,,Jasenaš
,,,Korija
,,,Milanovac
,,,Podgorje
,,,Rezovac
,,,Rezovačke Krčevine
,,,Sveti Đurađ
,,,Virovitica 
,,Crnac,Breštanovci
,,,Crnac
,,,Krivaja Pustara
,,,Mali Rastovac
,,,Milanovac
,,,Novo Petrovo Polje
,,,Staro Petrovo Polje
,,,Suha Mlaka
,,,Veliki Rastovac
,,,Žabnjača 
,,Čačinci,Brezovljani Vojlovički
,,,Bukvik
,,,Čačinci
,,,Humljani
,,,Krajna
,,,Krasković
,,,Paušinci
,,,Prekoračani
,,,Pušina
,,,Rajino Polje
,,,Slatinski Drenovac
,,,Vojlovica 
,,Čađavica,Čađavica
,,,Čađavički Lug
,,,Donje Bazije
,,,Ilmin Dvor
,,,Noskovačka Dubrava
,,,Noskovci
,,,Starin
,,,Šaševo
,,,Vraneševci
,,,Zvonimirovac 
,,Gradina,Bačevac
,,,Brezovica
,,,Budakovac
,,,Detkovac
,,,Gradina
,,,Lipovac
,,,Lug Gradinski
,,,Novi Gradac
,,,Rušani
,,,Vladimirovac
,,,Žlebina 
,,Lukač,Brezik
,,,Budrovac Lukački
,,,Dugo Selo Lukačko
,,,Gornje Bazje
,,,Kapela Dvor
,,,Katinka
,,,Lukač
,,,Rit
,,,Terezino Polje
,,,Turanovac
,,,Veliko Polje
,,,Zrinj Lukački 
,,Mikleuš,Balinci
,,,Borik
,,,Četekovac
,,,Čojlug
,,,Mikleuš 
,,Nova Bukovica,Bjelkovac
,,,Brezik
,,,Bukovački Antunovac
,,,Dobrović
,,,Donja Bukovica
,,,Gornje Viljevo
,,,Miljevci
,,,Nova Bukovica 
,,Pitomača,Dinjevac
,,,Grabrovnica
,,,Kladare
,,,Križnica
,,,Mala Črešnjevica
,,,Otrovanec
,,,Pitomača
,,,Sedlarica
,,,Stari Gradac
,,,Starogradački Marof
,,,Turnašica
,,,Velika Črešnjevica 
,,Sopje,Gornje Predrijevo
,,,Grabić
,,,Josipovo
,,,Kapinci
,,,Nova Šarovka
,,,Novaki
,,,Sopjanska Greda
,,,Sopje
,,,Španat
,,,Vaška
,,,Višnjica 
,,Suhopolje,Borova
,,,Budanica
,,,Bukova
,,,Cabuna
,,,Dvorska
,,,Gaćište
,,,Gvozdanska
,,,Jugovo Polje
,,,Levinovac
,,,Mala Trapinska
,,,Naudovac
,,,Orešac
,,,Pčelić
,,,Pepelana
,,,Pivnica Slavonska
,,,Rodin Potok
,,,Sovjak
,,,Suhopolje
,,,Trnava Cabunska
,,,Velika Trapinska
,,,Zvonimirovo
,,,Žiroslavje
,,,Žubrica 
,,Špišić Bukovica,Bušetina
,,,Lozan
,,,Novi Antunovac
,,,Okrugljača
,,,Rogovac
,,,Špišić Bukovica
,,,Vukosavljevica 
,,Voćin,Bokane
,,,Čeralije
,,,Dobrić
,,,Donje Kusonje
,,,Đuričić
,,,Gornje Kusonje
,,,Gornji Meljani
,,,Hum
,,,Hum Varoš
,,,Kometnik-Jorgići
,,,Kometnik-Zubići
,,,Kuzma
,,,Lisičine
,,,Macute
,,,Mačkovac
,,,Novo Kusonje
,,,Popovac
,,,Rijenci
,,,Sekulinci
,,,Smude
,,,Voćin 
,,Zdenci,Bankovci
,,,Donje Predrijevo
,,,Duga Međa
,,,Grudnjak
,,,Kutovi
,,,Obradovci
,,,Slavonske Bare
,,,Zdenci
,,,Zokov Gaj 
Požeško-slavonska županija,Kutjevo,,Bektež
,,,Bjeliševac
,,,Ciglenik
,,,Ferovac
,,,Grabarje
,,,Gradište
,,,Hrnjevac
,,,Kula
,,,Kutjevo
,,,Lukač
,,,Mitrovac
,,,Ovčare
,,,Poreč
,,,Šumanovci
,,,Tominovac
,,,Venje
,,,Vetovo
,Lipik,,Antunovac
,,,Bjelanovac
,,,Brekinska
,,,Brezine
,,,Bujavica
,,,Bukovčani
,,,Dobrovac
,,,Donji Čaglić
,,,Filipovac
,,,Gaj
,,,Gornji Čaglić
,,,Jagma
,,,Japaga
,,,Klisa
,,,Korita
,,,Kovačevac
,,,Kukunjevac
,,,Lipik
,,,Livađani
,,,Marino Selo
,,,Poljana
,,,Ribnjaci
,,,Skenderovci
,,,Strižičevac
,,,Subocka
,,,Šeovica
,Pakrac,,Badljevina
,,,Batinjani
,,,Bjelajci
,,,Branešci
,,,Brusnik
,,,Bučje
,,,Cicvare
,,,Cikote
,,,Dereza
,,,Donja Obrijež
,,,Donja Šumetlica
,,,Donji Grahovljani
,,,Dragović
,,,Glavica
,,,Gornja Obrijež
,,,Gornja Šumetlica
,,,Gornji Grahovljani
,,,Jakovci
,,,Kapetanovo Polje
,,,Koturić
,,,Kraguj
,,,Kričke
,,,Kusonje
,,,Lipovac
,,,Mali Banovac
,,,Mali Budići
,,,Novi Majur
,,,Omanovac
,,,Ožegovci
,,,Pakrac
,,,Ploštine
,,,Popovci
,,,Prekopakra
,,,Prgomelje
,,,Rogulje
,,,Srednji Grahovljani
,,,Stari Majur
,,,Španovica
,,,Tisovac
,,,Toranj
,,,Veliki Banovac
,,,Veliki Budići 
,Pleternica,,Ašikovci
,,,Bilice
,,,Blacko
,,,Brđani
,,,Bresnica
,,,Brodski Drenovac
,,,Bučje
,,,Buk
,,,Bzenica
,,,Ćosinac
,,,Frkljevci
,,,Gradac
,,,Kadanovci
,,,Kalinić
,,,Knežci
,,,Komorica
,,,Koprivnica
,,,Kuzmica
,,,Lakušija
,,,Mali Bilač
,,,Mihaljevići
,,,Novoselci
,,,Pleternica
,,,Pleternički Mihaljevci
,,,Poloje
,,,Ratkovica
,,,Resnik
,,,Sesvete
,,,Srednje Selo
,,,Sulkovci
,,,Svilna
,,,Trapari
,,,Tulnik
,,,Vesela
,,,Viškovci
,,,Vrčin Dol
,,,Zagrađe
,,,Zarilac 
,Požega,,Alaginci
,,,Bankovci
,,,Ćosine Laze
,,,Crkveni Vrhovci
,,,Dervišaga
,,,Donji Emovci
,,,Drškovci
,,,Emovački Lug
,,,Golobrdci
,,,Gornji Emovci
,,,Gradski Vrhovci
,,,Komušina
,,,Krivaj
,,,Kunovci
,,,Laze Prnjavor
,,,Marindvor
,,,Mihaljevci
,,,Nova Lipa
,,,Novi Mihaljevci
,,,Novi Štitnjak
,,,Novo Selo
,,,Požega
,,,Seoci
,,,Stara Lipa
,,,Šeovci
,,,Škrabutnik
,,,Štitnjak
,,,Turnić
,,,Ugarci
,,,Vasine Laze
,,,Vidovci 
,,Brestovac,Amatovci
,,,Bogdašić
,,,Bolomače
,,,Požega
,,,Brestovac
,,,Busnovi
,,,Crljenci
,,,Čečavac
,,,Čečavački Vučjak
,,,Daranovci
,,,Deževci
,,,Dolac
,,,Donji Gučani
,,,Gornji Gučani
,,,Ivandol
,,,Jaguplije
,,,Jeminovac
,,,Kamenska
,,,Kamenski Šeovci
,,,Kamenski Vučjak
,,,Koprivna
,,,Kruševo
,,,Kujnik
,,,Mihajlije
,,,Mijači
,,,Mrkoplje
,,,Novo Zvečevo
,,,Nurkovac
,,,Oblakovac
,,,Orljavac
,,,Pasikovci
,,,Pavlovci
,,,Perenci
,,,Podsreće
,,,Požeški Brđani
,,,Rasna
,,,Ruševac
,,,Sažije
,,,Skenderovci
,,,Sloboština
,,,Striježevica
,,,Šnjegavić
,,,Šušnjari
,,,Vilić Selo
,,,Vranić
,,,Zakorenje
,,,Završje
,,,Žigerovci 
,,Čaglin,Čaglin
,,,Darkovac
,,,Djedina Rijeka
,,,Dobra Voda
,,,Dobrogošće
,,,Draganlug
,,,Duboka
,,,Imrijevci
,,,Ivanovci
,,,Jasik
,,,Jezero
,,,Jurkovac
,,,Kneževac
,,,Latinovac
,,,Migalovci
,,,Milanlug
,,,Mokreš
,,,Nova Lipovica
,,,Nova Ljeskovica
,,,Novi Zdenkovac
,,,Paka
,,,Ruševo
,,,Sapna
,,,Sibokovac
,,,Sovski Dol
,,,Stara Ljeskovica
,,,Stari Zdenkovac
,,,Stojčinovac
,,,Veliki Bilač
,,,Vlatkovac
,,,Vukojevica 
,,Jakšić,Bertelovci
,,,Cerovac
,,,Eminovci
,,,Granje
,,,Jakšić
,,,Radnovac
,,,Rajsavac
,,,Svetinja
,,,Tekić
,,,Treštanovci 
,,Kaptol,Alilovci
,,,Bešinci
,,,Češljakovci
,,,Doljanovci
,,,Golo Brdo
,,,Kaptol
,,,Komarovci
,,,Novi Bešinci
,,,Podgorje
,,,Ramanovci 
,,Velika,Antunovac
,,,Biškupci
,,,Bratuljevci
,,,Doljanci
,,,Draga
,,,Gornji Vrhovci
,,,Kantrovci
,,,Klisa
,,,Lučinci
,,,Markovac
,,,Milanovac
,,,Milivojevci
,,,Nježić
,,,Oljasi
,,,Ozdakovci
,,,Poljanska
,,,Potočani
,,,Radovanci
,,,Smoljanovci
,,,Stražeman
,,,Toranj
,,,Trenkovo
,,,Trnovac
,,,Velika 
Brodsko-posavska županija,Nova Gradiška,,Kovačevac
,,,Nova Gradiška
,,,Ljupina
,,,Prvča 
,Slavonski Brod,,Brodski Varoš
,,,Slavonski Brod
,,,Podvinje
,,Bebrina,Banovci
,,,Bebrina
,,,Dubočac
,,,Kaniža
,,,Stupnički Kuti
,,,Šumeće
,,,Zbjeg 
,,Brodski Stupnik,Brodski Stupnik
,,,Krajačići
,,,Lovčić
,,,Stari Slatinik 
,,Bukovlje,Bukovlje
,,,Ježevik
,,,Korduševci
,,,Šušnjevci
,,,Vranovci 
,,Cernik,Baćin Dol
,,,Banićevac
,,,Cernik
,,,Giletinci
,,,Golobrdac
,,,Opatovac
,,,Opršinac
,,,Podvrško
,,,Sinlije
,,,Šagovina Cernička
,,,Šumetlica 
,,Davor,Davor
,,,Orubica 
,,Donji Andrijevci,Donji Andrijevci
,,,Novo Topolje
,,,Sredanci
,,,Staro Topolje 
,,Dragalić,Donji Bogićevci
,,,Dragalić
,,,Gorice
,,,Mašić
,,,Medari
,,,Poljane 
,,Garčin,Bicko Selo
,,,Garčin
,,,Klokočevik
,,,Sapci
,,,Selna
,,,Trnjani
,,,Vrhovina
,,,Zadubravlje 
,,Gornja Vrba,Donja Vrba
,,,Gornja Vrba 
,,Gornji Bogićevci,Dubovac
,,,Gornji Bogićevci
,,,Kosovac
,,,Ratkovac
,,,Smrtić
,,,Trnava 
,,Gundinci ,Gundinci 
,,Klakar,Donja Bebrina
,,,Gornja Bebrina
,,,Klakar
,,,Rušćica 
,,Nova Kapela,Batrina
,,,Bili Brig
,,,Donji Lipovac
,,,Dragovci
,,,Gornji Lipovac
,,,Magić Mala
,,,Nova Kapela
,,,Pavlovci
,,,Seoce
,,,Siče
,,,Srednji Lipovac
,,,Stara Kapela 
,,Okučani,Benkovac
,,,Bijela Stijena
,,,Bobare
,,,Bodegraj
,,,Cage
,,,Čaprginci
,,,Čovac
,,,Donji Rogolji
,,,Gornji Rogolji
,,,Lađevac
,,,Lještani
,,,Okučani
,,,Šagovina Mašićka
,,,Širinci
,,,Trnakovac
,,,Vrbovljani
,,,Žuberkovac 
,,Oprisavci,Novi Grad
,,,Oprisavci
,,,Poljanci
,,,Prnjavor
,,,Stružani
,,,Svilaj
,,,Trnjanski Kuti
,,,Zoljani 
,,Oriovac,Bečic
,,,Ciglenik
,,,Kujnik
,,,Lužani
,,,Malino
,,,Oriovac
,,,Pričac
,,,Radovanje
,,,Slavonski Kobaš
,,,Živike 
,,Podcrkavlje,Brodski Zdenci
,,,Crni Potok
,,,Donji Slatinik
,,,Dubovik
,,,Glogovica
,,,Gornji Slatinik
,,,Grabarje
,,,Kindrovo
,,,Matković Mala
,,,Oriovčić
,,,Podcrkavlje
,,,Rastušje
,,,Tomica
,,Rešetari,Adžamovci
,,,Brđani
,,,Bukovica
,,,Drežnik
,,,Gunjavci
,,,Rešetari
,,,Zapolje 
,,Sibinj,Bartolovci
,,,Brčino
,,,Čelikovići
,,,Gornji Andrijevci
,,,Grgurevići
,,,Grižići
,,,Gromačnik
,,,Jakačina Mala
,,,Ravan
,,,Sibinj
,,,Slobodnica
,,,Završje 
,,Sikirevci,Jaruge
,,,Sikirevci 
,,Slavonski Šamac,Kruševica
,,,Slavonski Šamac 
,,Stara Gradiška,Donji Varoš
,,,Gornji Varoš
,,,Gređani
,,,Novi Varoš
,,,Pivare
,,,Stara Gradiška
,,,Uskoci 
,,Staro Petrovo Selo,Blažević Dol
,,,Donji Crnogovci
,,,Godinjak
,,,Gornji Crnogovci
,,,Komarnica
,,,Laze
,,,Oštri Vrh
,,,Starci
,,,Staro Petrovo Selo
,,,Štivica
,,,Tisovac
,,,Vladisovo
,,,Vrbova 
,,Velika Kopanica,Beravci
,,,Divoševci
,,,Kupina
,,,Mala Kopanica
,,,Velika Kopanica 
,,Vrbje,Bodovaljci
,,,Dolina
,,,Mačkovac
,,,Savski Bok
,,,Sičice
,,,Visoka Greda
,,,Vrbje 
,,Vrpolje,Čajkovci
,,,Stari Perkovci
,,,Vrpolje 
Zadarska županija,Benkovac,,Benkovac
,,,Benkovačko Selo
,,,Bjelina
,,,Brgud
,,,Bruška
,,,Buković
,,,Bulić
,,,Dobra Voda
,,,Donje Biljane
,,,Donje Ceranje
,,,Donji Karin
,,,Donji Kašić
,,,Donji Lepuri
,,,Gornje Biljane
,,,Gornje Ceranje
,,,Islam Grčki
,,,Kolarina
,,,Korlat
,,,Kožlovac
,,,Kula Atlagić
,,,Lisičić
,,,Lišane Tinjske
,,,Medviđa
,,,Miranje
,,,Nadin
,,,Perušić Benkovački
,,,Perušić Donji
,,,Podgrađe
,,,Podlug
,,,Popovići
,,,Pristeg
,,,Prović
,,,Radošinovci
,,,Raštević
,,,Rodaljice
,,,Smilčić
,,,Šopot
,,,Tinj
,,,Vukšić
,,,Zagrad
,,,Zapužane
,Biograd na Moru,,Biograd na Moru
,Nin,,Grbe
,,,Nin
,,,Ninski Stanovi
,,,Poljica-Brig
,,,Zaton
,,,Žerava
,Obrovac,,Bilišane
,,,Bogatnik
,,,Golubić
,,,Gornji Karin
,,,Kaštel Žegarski
,,,Komazeci
,,,Krupa
,,,Kruševo
,,,Muškovci
,,,Nadvoda
,,,Obrovac
,,,Zelengrad
,Pag,,Bošana
,,,Dinjiška
,,,Gorica
,,,Košljun
,,,Miškovci
,,,Pag
,,,Smokvica
,,,Stara Vas
,,,Šimuni
,,,Vlašići
,,,Vrčići
,Zadar,,Babindub
,,,Brgulje
,,,Crno
,,,Ist
,,,Kožino
,,,Mali Iž
,,,Molat
,,,Olib
,,,Petrčane
,,,Premuda
,,,Rava
,,,Silba
,,,Veli Iž
,,,Zadar
,,,Zapuntel
,,Bibinje,Bibinje
,,Galovac,Galovac
,,Gračac,Begluci
,,,Brotnja
,,,Bruvno
,,,Cerovac
,,,Dabašnica
,,,Deringaj
,,,Drenovac Osredački
,,,Duboki Dol
,,,Dugopolje
,,,Glogovo
,,,Grab
,,,Gračac
,,,Gubavčevo Polje
,,,Kaldrma
,,,Kijani
,,,Kom
,,,Kunovac Kupirovački
,,,Kupirovo
,,,Mazin
,,,Nadvrelo
,,,Neteka
,,,Omsica
,,,Osredci
,,,Otrić
,,,Palanka
,,,Pribudić
,,,Prljevo
,,,Rastičevo
,,,Rudopolje Bruvanjsko
,,,Srb
,,,Suvaja
,,,Tiškovac Lički
,,,Tomingaj
,,,Velika Popina
,,,Vučipolje
,,,Zaklopac
,,,Zrmanja
,,,Zrmanja Vrelo
,,Jasenice,Jasenice
,,,Rovanjska
,,,Zaton Obrovački
,,Kali,Kali
,,Kolan,Kolan
,,,Kolanski Gajac
,,,Mandre
,,Kukljica,Kukljica
,,Lišane Ostrovičke,Dobropoljci
,,,Lišane Ostrovičke
,,,Ostrovica
,,Novigrad,Novigrad
,,,Paljuv
,,,Pridraga
,,Pakoštane,Drage
,,,Pakoštane
,,,Vrana
,,,Vrgada
,,Pašman,Banj
,,,Dobropoljana
,,,Kraj
,,,Mrljane
,,,Neviđane
,,,Pašman
,,,Ždrelac
,,Polača,Donja Jagodnja
,,,Gornja Jagodnja
,,,Kakma
,,,Polača
,,Poličnik,Briševo
,,,Dračevac Ninski
,,,Gornji Poličnik
,,,Lovinac
,,,Murvica
,,,Murvica Gornja
,,,Poličnik
,,,Rupalj
,,,Suhovare
,,,Visočane
,,Posedarje,Grgurice
,,,Islam Latinski
,,,Podgradina
,,,Posedarje
,,,Slivnica
,,,Vinjerac
,,,Ždrilo
,,Povljana,Povljana
,,Preko,Lukoran
,,,Ošljak
,,,Poljana
,,,Preko
,,,Rivanj
,,,Sestrunj
,,,Sutomišćica
,,,Ugljan
,,Privlaka,Privlaka
,,Ražanac,Jovići
,,,Krneza
,,,Ljubač
,,,Ljubački Stanovi
,,,Podvršje
,,,Radovin
,,,Ražanac
,,,Rtina
,,Sali,Božava
,,,Brbinj
,,,Dragove
,,,Luka
,,,Sali
,,,Savar
,,,Soline
,,,Veli Rat
,,,Verunić
,,,Zaglav
,,,Zverinac
,,,Žman
,,Stankovci,Banjevci
,,,Bila Vlaka
,,,Budak
,,,Crljenik
,,,Morpolača
,,,Stankovci
,,,Velim
,,Starigrad,Seline
,,,Starigrad
,,,Tribanj
,,Sukošan,Debeljak
,,,Glavica
,,,Gorica
,,,Sukošan
,,Sveti Filip i Jakov,Donje Raštane
,,,Gornje Raštane
,,,Sikovo
,,,Sveti Filip i Jakov
,,,Sveti Petar
,,,Turanj
,,Škabrnja,Prkos
,,,Škabrnja
,,Tkon,Tkon
,,Vir,Lozice
,,,Torovi
,,,Vir
,,Vrsi,Poljica
,,,Vrsi
,,Zemunik Donji,Smoković
,,,Zemunik Donji
,,,Zemunik Gornji
Osječko-baranjska županija,Beli Manastir,,Beli Manastir
,,,Branjin Vrh
,,,Šećerana
,,,Šumarina 
,Belišće,,Belišće
,,,Bistrinci
,,,Bocanjevci
,,,Gat
,,,Gorica Valpovačka
,,,Kitišanci
,,,Tiborjanci
,,,Veliškovci
,,,Vinogradci 
,Donji Miholjac,,Donji Miholjac
,,,Golinci
,,,Miholjački Poreč
,,,Podgajci Podravski
,,,Radikovci
,,,Rakitovica
,,,Sveti Đurađ 
,Đakovo,,Budrovci
,,,Đakovo
,,,Đurđanci
,,,Ivanovci Gorjanski
,,,Kuševac
,,,Novi Perkovci
,,,Piškorevci
,,,Selci Đakovački
,,,Široko Polje 
,Našice,,Brezik Našički
,,,Ceremošnjak
,,,Crna Klada
,,,Gradac Našički
,,,Granice
,,,Jelisavac
,,,Lađanska
,,,Lila
,,,Londžica
,,,Makloševac
,,,Markovac Našički
,,,Martin
,,,Našice
,,,Polubaše
,,,Ribnjak
,,,Rozmajerovac
,,,Velimirovac
,,,Vukojevci
,,,Zoljan 
,Osijek,,Brijest
,,,Briješće
,,,Josipovac
,,,Klisa
,,,Nemetin
,,,Osijek
,,,Podravlje
,,,Sarvaš
,,,Tenja
,,,Tvrđavica
,,,Višnjevac 
,Valpovo,,Harkanovci
,,,Ivanovci
,,,Ladimirevci
,,,Marjančaci
,,,Nard
,,,Šag
,,,Valpovo
,,,Zelčin 
,,Antunovac,Antunovac
,,,Ivanovac 
,,Bilje,Bilje
,,,Kopačevo
,,,Kozjak
,,,Lug
,,,Podunavlje
,,,Tikveš
,,,Vardarac
,,,Zlatna Greda 
,,Bizovac,Bizovac
,,,Brođanci
,,,Cerovac
,,,Cret Bizovački
,,,Habjanovci
,,,Novaki Bizovački
,,,Samatovci
,,,Selci
,,Čeminac,Čeminac
,,,Grabovac
,,,Kozarac
,,,Mitrovac
,,,Novi Čeminac 
,,Čepin,Beketinci
,,,Čepin
,,,Čepinski Martinci
,,,Čokadinci
,,,Livana 
,,Darda,Darda
,,,Mece
,,,Švajcarnica
,,,Uglješ 
,,Donja Motičina,Donja Motičina
,,,Gornja Motičina
,,,Seona
,,Draž,Batina
,,,Draž
,,,Duboševica
,,,Gajić
,,,Podolje
,,,Topolje 
,,Drenje,Borovik
,,,Bračevci
,,,Bučje Gorjansko
,,,Drenje
,,,Kućanci Đakovački
,,,Mandićevac
,,,Paljevina
,,,Podgorje Bračevačko
,,,Potnjani
,,,Preslatinci
,,,Pridvorje
,,,Slatinik Drenjski 
,,Đurđenovac,Beljevina
,,,Bokšić
,,,Bokšić Lug
,,,Đurđenovac
,,,Gabrilovac
,,,Klokočevci
,,,Ličko Novo Selo
,,,Lipine
,,,Našičko Novo Selo
,,,Pribiševci
,,,Sušine
,,,Šaptinovci
,,,Teodorovac 
,,Erdut,Aljmaš
,,,Bijelo Brdo
,,,Dalj
,,,Erdut 
,,Ernestinovo,Divoš
,,,Ernestinovo
,,,Laslovo 
,,Feričanci,Feričanci
,,,Gazije
,,,Valenovac
,,,Vučjak Feričanački 
,,Gorjani,Gorjani
,,,Tomašanci 
,,Jagodnjak,Bolman
,,,Jagodnjak
,,,Majške Međe
,,,Novi Bolman
,,Kneževi Vinogradi,Jasenovac
,,,Kamenac
,,,Karanac
,,,Kneževi Vinogradi
,,,Kotlina
,,,Mirkovac
,,,Sokolovac
,,,Suza
,,,Zmajevac 
,,Koška,Andrijevac
,,,Branimirovac
,,,Breznica Našička
,,,Koška
,,,Ledenik
,,,Lug Subotički
,,,Niza
,,,Normanci
,,,Ordanja
,,,Topoline 
,,Levanjska Varoš,Borojevci
,,,Breznica Đakovačka
,,,Čenkovo
,,,Levanjska Varoš
,,,Majar
,,,Milinac
,,,Musić
,,,Ovčara
,,,Paučje
,,,Ratkov Dol
,,,Slobodna Vlast 
,,Magadenovac,Beničanci
,,,Kućanci
,,,Lacići
,,,Magadenovac
,,,Malinovac
,,,Šljivoševci 
,,Marijanci,Bočkinci
,,,Brezovica
,,,Čamagajevci
,,,Črnkovci
,,,Kunišinci
,,,Marijanci
,,,Marjanski Ivanovci 
,,Petlovac ,Baranjsko Petrovo Selo
,,,Luč
,,,Novi Bezdan
,,,Novo Nevesinje
,,,Petlovac
,,,Sudaraž
,,,Širine
,,,Torjanci
,,,Zeleno Polje 
,,Petrijevci,Petrijevci
,,,Satnica 
,,Podgorač,Bijela Loza
,,,Budimci
,,,Kelešinka
,,,Kršinci
,,,Ostrošinci
,,,Podgorač
,,,Poganovci
,,,Razbojište
,,,Stipanovci 
,,Podravska Moslavina,Gezinci
,,,Krčenik
,,,Martinci Miholjački
,,,Podravska Moslavina 
,,Popovac,Branjina
,,,Kneževo
,,,Popovac 
,,Punitovci,Josipovac Punitovački
,,,Jurjevac Punitovački
,,,Krndija
,,,Punitovci 
,,Satnica Đakovačka,Gašinci
,,,Satnica Đakovačka
,,Semeljci,Kešinci
,,,Koritna
,,,Mrzović
,,,Semeljci
,,,Vrbica 
,,Strizivojna,Merolino Sikirevačko
,,,Strizivojna 
,,Šodolovci,Ada
,,,Koprivna
,,,Palača
,,,Paulin Dvor
,,,Petrova Slatina
,,,Silaš
,,,Šodolovci
,,Trnava,Dragotin
,,,Hrkanovci Đakovački
,,,Kondrić
,,,Lapovci
,,,Svetoblažje
,,,Trnava 
,,Viljevo,Blanje
,,,Bockovac
,,,Cret Viljevski
,,,Ivanovo
,,,Kapelna
,,,Krunoslavje
,,,Viljevo 
,,Viškovci,Forkuševci
,,,Viškovci
,,,Vučevci 
,,Vladislavci,Dopsin
,,,Hrastin
,,,Vladislavci 
,,Vuka,Hrastovac
,,,Lipovac Hrastinski
,,,Vuka 
Šibensko-kninska županija,Drniš,,Badanj
,,,Biočić
,,,Bogatić
,,,Brištane
,,,Drinovci
,,,Drniš
,,,Kadina Glavica
,,,Kanjane
,,,Kaočine
,,,Karalić
,,,Ključ
,,,Kričke
,,,Lišnjak
,,,Miočić
,,,Nos Kalik
,,,Pakovo Selo
,,,Parčić
,,,Pokrovnik
,,,Radonić
,,,Sedramić
,,,Siverić
,,,Širitovci
,,,Štikovo
,,,Tepljuh
,,,Trbounje
,,,Velušić
,,,Žitnić 
,Knin,,Golubić
,,,Knin
,,,Kninsko Polje
,,,Kovačić
,,,Ljubač
,,,Očestovo
,,,Plavno
,,,Polača
,,,Potkonje
,,,Radljevac
,,,Strmica
,,,Vrpolje
,,,Žagrović 
,Skradin,,Bičine
,,,Bratiškovci
,,,Bribir
,,,Cicvare
,,,Dubravice
,,,Gorice
,,,Gračac
,,,Ićevo
,,,Krković
,,,Lađevci
,,,Međare
,,,Piramatovci
,,,Plastovo
,,,Rupe
,,,Skradin
,,,Skradinsko Polje
,,,Sonković
,,,Vačani
,,,Velika Glava
,,,Žažvić
,,,Ždrapanj 
,Šibenik,,Boraja
,,,Brnjica
,,,Čvrljevo
,,,Danilo Biranj
,,,Danilo Gornje
,,,Danilo Kraljice
,,,Donje Polje
,,,Dubrava kod Šibenika
,,,Goriš
,,,Gradina
,,,Grebaštica
,,,Jadrtovac
,,,Kaprije
,,,Konjevrate
,,,Krapanj
,,,Lepenica
,,,Lozovac
,,,Mravnica
,,,Perković
,,,Podine
,,,Radonić
,,,Raslina
,,,Sitno Donje
,,,Slivno
,,,Šibenik
,,,Vrpolje
,,,Vrsno
,,,Zaton
,,,Zlarin
,,,Žirje 
,Vodice ,,Čista Mala
,,,Čista Velika
,,,Gaćelezi
,,,Grabovci
,,,Prvić Luka
,,,Prvić Šepurine
,,,Srima
,,,Vodice 
,,Bilice ,Bilice
,,Biskupija,Biskupija
,,,Markovac
,,,Orlić
,,,Ramljane
,,,Riđane
,,,Uzdolje
,,,Vrbnik
,,,Zvjerinac 
,,Civljane,Cetina
,,,Civljane 
,,Ervenik,Ervenik
,,,Mokro Polje
,,,Oton
,,,Pađene
,,,Radučić 
,,Kijevo ,Kijevo 
,,Kistanje,Biovičino Selo
,,,Đevrske
,,,Gošić
,,,Ivoševci
,,,Kakanj
,,,Kistanje
,,,Kolašac
,,,Krnjeuve
,,,Modrino Selo
,,,Nunić
,,,Parčić
,,,Smrdelje
,,,Varivode
,,,Zečevo 
,,Murter – Kornati,Kornati
,,,Murter
,,Pirovac,Kašić
,,,Pirovac
,,,Putičanje 
,,Primošten,Kruševo
,,,Primošten
,,,Primošten Burnji
,,,Široke
,,,Vadalj
,,,Vezac 
,,Promina,Bobodol
,,,Bogetić
,,,Čitluk
,,,Lukar
,,,Ljubotić
,,,Matase
,,,Mratovo
,,,Oklaj
,,,Puljane
,,,Razvođe
,,,Suknovci 
,,Rogoznica,Dvornica
,,,Jarebinjak
,,,Ložnice
,,,Oglavci
,,,Podglavica
,,,Podorljak
,,,Ražanj
,,,Rogoznica
,,,Sapina Doca
,,,Zečevo Rogozničko 
,,Ružić,Baljci
,,,Čavoglave
,,,Gradac
,,,Kljake
,,,Mirlović Polje
,,,Moseć
,,,Otavice
,,,Ružić
,,,Umljanović 
,,Tisno,Betina
,,,Dazlina
,,,Dubrava kod Tisna
,,,Jezera
,,,Prosika
,,,Tisno 
,,Tribunj,Tribunj
,,Unešić,Cera
,,,Čvrljevo
,,,Donje Planjane
,,,Donje Utore
,,,Donje Vinovo
,,,Gornje Planjane
,,,Gornje Utore
,,,Gornje Vinovo
,,,Koprno
,,,Ljubostinje
,,,Mirlović Zagora
,,,Nevest
,,,Ostrogašica
,,,Podumci
,,,Unešić
,,,Visoka 
Vukovarsko-srijemska županija,Ilok,,Bapska
,,,Ilok
,,,Mohovo
,,,Šarengrad 
,Otok,,Komletinci
,,,Otok
,Vinkovci ,,Mirkovci
,,,Vinkovci 
,Vukovar ,,Lipovača
,,,Sotin
,,,Vukovar 
,Županja,,Županja
,,Andrijaševci ,Andrijaševci
,,,Rokovci 
,,Babina Greda ,Babina Greda 
,,Bogdanovci,Bogdanovci
,,,Petrovci
,,,Svinjarevci 
,,Borovo ,Borovo 
,,Bošnjaci ,Bošnjaci 
,,Cerna,Cerna
,,,Šiškovci 
,,Drenovci,Drenovci
,,,Đurići
,,,Posavski Podgajci
,,,Račinovci
,,,Rajevo Selo 
,,Gradište ,Gradište 
,,Gunja ,Gunja 
,,Ivankovo,Ivankovo
,,,Prkovci
,,,Retkovci 
,,Jarmina ,Jarmina
,,Lovas,Lovas
,,,Opatovac 
,,Markušica,Gaboš
,,,Karadžićevo
,,,Markušica
,,,Ostrovo
,,,Podrinje
,,Negoslavci,Negoslavci
,,Nijemci,Apševci
,,,Banovci
,,,Donje Novo Selo
,,,Đeletovci
,,,Lipovac
,,,Nijemci
,,,Podgrađe
,,,Vinkovački Banovci 
,,Nuštar,Cerić
,,,Marinci
,,,Nuštar 
,,Privlaka,Privlaka 
,,Stari Jankovci,Novi Jankovci
,,,Orolik
,,,Slakovci
,,,Srijemske Laze
,,,Stari Jankovci 
,,Stari Mikanovci,Novi Mikanovci
,,,Stari Mikanovci 
,,Štitar,Štitar
,,Tompojevci,Berak
,,,Bokšić
,,,Čakovci
,,,Grabovo
,,,Mikluševci
,,,Tompojevci 
,,Tordinci,Antin
,,,Korog
,,,Mlaka Antinska
,,,Tordinci 
,,Tovarnik,Ilača
,,,Tovarnik 
,,Trpinja,Bobota
,,,Bršadin
,,,Ćelija
,,,Ludvinci
,,,Pačetin
,,,Trpinja
,,,Vera 
,,Vođinci,Vođinci 
,,Vrbanja,Soljani
,,,Strošinci
,,,Vrbanja 
Splitsko-dalmatinska županija ,Hvar,,Brusje
,,,Hvar
,,,Jagodna
,,,Malo Grablje
,,,Milna
,,,Sveta Nedjelja
,,,Velo Grablje
,,,Zaraće 
,Imotski,,Donji Vinjani
,,,Glavina Donja
,,,Glavina Gornja
,,,Gornji Vinjani
,,,Imotski
,,,Medvidovića Draga 
,Kaštela,,Kaštel Gomilica
,,,Kaštel Kambelovac
,,,Kaštel Lukšić
,,,Kaštel Novi
,,,Kaštel Stari
,,,Kaštel Sućurac
,,,Kaštel Štafilić 
,Komiža,,Biševo
,,,Borovik
,,,Duboka
,,,Komiža
,,,Oključna
,,,Palagruža
,,,Podhumlje
,,,Podšpilje
,,,Sveti Andrija
,,,Žena Glava 
,Makarska,,Makarska
,,,Veliko Brdo 
,Omiš,,Blato na Cetini
,,,Borak
,,,Čelina
,,,Čisla
,,,Donji Dolac
,,,Dubrava
,,,Gata
,,,Gornji Dolac
,,,Kostanje
,,,Kučiće
,,,Lokva Rogoznica
,,,Marušići
,,,Mimice
,,,Naklice
,,,Nova Sela
,,,Omiš
,,,Ostrvica
,,,Pisak
,,,Podašpilje
,,,Podgrađe
,,,Putišići
,,,Seoca
,,,Slime
,,,Smolonje
,,,Srijane
,,,Stanići
,,,Svinišće
,,,Trnbusi
,,,Tugare
,,,Zakučac
,,,Zvečanje 
,Sinj,,Bajagić
,,,Brnaze
,,,Čitluk
,,,Glavice
,,,Gljev
,,,Jasensko
,,,Karakašica
,,,Lučane
,,,Obrovac Sinjski
,,,Radošić
,,,Sinj
,,,Suhač
,,,Turjaci
,,,Zelovo 
,Solin,,Blaca
,,,Kučine
,,,Mravince
,,,Solin
,,,Vranjic 
,Split,,Donje Sitno
,,,Gornje Sitno
,,,Kamen
,,,Slatine
,,,Split
,,,Srinjine
,,,Stobreč
,,,Žrnovnica 
,Stari Grad,,Dol
,,,Rudina
,,,Selca kod Starog Grada
,,,Stari Grad
,,,Vrbanj 
,Supetar,,Mirca
,,,Splitska
,,,Supetar
,,,Škrip 
,Trilj,,Bisko
,,,Budimir
,,,Čačvina
,,,Čaporice
,,,Gardun
,,,Grab
,,,Jabuka
,,,Kamensko
,,,Košute
,,,Krivodol
,,,Ljut
,,,Nova Sela
,,,Podi
,,,Rože
,,,Strizirep
,,,Strmendolac
,,,Tijarica
,,,Trilj
,,,Ugljane
,,,Vedrine
,,,Velić
,,,Vinine
,,,Vojnić Sinjski
,,,Voštane
,,,Vrabač
,,,Vrpolje
,Trogir,,Arbanija
,,,Divulje
,,,Drvenik Mali
,,,Drvenik Veliki
,,,Mastrinka
,,,Plano
,,,Trogir
,,,Žedno 
,Vis ,,Brgujac
,,,Dračevo Polje
,,,Marinje Zemlje
,,,Milna
,,,Plisko Polje
,,,Podselje
,,,Podstražje
,,,Rogačić
,,,Rukavac
,,,Stončica
,,,Vis 
,Vrgorac,,Banja
,,,Dragljane
,,,Draževitići
,,,Duge Njive
,,,Dusina
,,,Kljenak
,,,Kokorići
,,,Kotezi
,,,Kozica
,,,Mijaca
,,,Orah
,,,Podprolog
,,,Poljica Kozička
,,,Prapatnice
,,,Rašćane
,,,Ravča
,,,Stilja
,,,Umčani
,,,Veliki Prolog
,,,Vina
,,,Višnjica
,,,Vlaka
,,,Vrgorac
,,,Zavojane 
,Vrlika ,,Garjak
,,,Ježević
,,,Koljane
,,,Kosore
,,,Maovice
,,,Otišić
,,,Podosoje
,,,Vinalić
,,,Vrlika 
,,Baška Voda,Bast
,,,Baška Voda
,,,Bratuš
,,,Krvavica
,,,Promajna 
,,Bol,Bol
,,,Murvica 
,,Brela,Brela
,,,Gornja Brela 
,,Cista Provo,Aržano
,,,Biorine
,,,Cista Provo
,,,Cista Velika
,,,Dobranje
,,,Svib 
,,Dicmo,Ercegovci
,,,Kraj
,,,Krušvar
,,,Osoje
,,,Prisoje
,,,Sičane
,,,Sušci 
,,Dugi Rat,Duće
,,,Dugi Rat
,,,Jesenice 
,,Dugopolje,Dugopolje
,,,Koprivno
,,,Kotlenice
,,,Liska 
,,Gradac,Brist
,,,Drvenik
,,,Gradac
,,,Podaca
,,,Zaostrog 
,,Hrvace,Dabar
,,,Donji Bitelić
,,,Gornji Bitelić
,,,Hrvace
,,,Laktac
,,,Maljkovo
,,,Potravlje
,,,Rumin
,,,Satrić
,,,Vučipolje
,,,Zasiok 
,,Jelsa,Gdinj
,,,Gromin Dolac
,,,Humac
,,,Ivan Dolac
,,,Jelsa
,,,Pitve
,,,Poljica
,,,Svirče
,,,Vrboska
,,,Vrisnik
,,,Zastražišće
,,,Zavala 
,,Klis,Brštanovo
,,,Dugobabe
,,,Klis
,,,Konjsko
,,,Korušce
,,,Nisko
,,,Prugovo
,,,Veliki Bročanac
,,,Vučevica 
,,Lećevica,Divojevići
,,,Kladnjice
,,,Lećevica
,,,Radošić 
,,Lokvičići,Dolića Draga
,,,Lokvičići
,,Lovreć,Dobrinče
,,,Lovreć
,,,Medovdolac
,,,Opanci
,,,Studenci 
,,Marina,Blizna Donja
,,,Blizna Gornja
,,,Dograde
,,,Gustirna
,,,Marina
,,,Mitlo
,,,Najevi
,,,Poljica
,,,Pozorac
,,,Rastovac
,,,Sevid
,,,Svinca
,,,Vinišće
,,,Vinovac
,,,Vrsine 
,,Milna,Bobovišća
,,,Bobovišća na Moru
,,,Ložišća
,,,Milna
,,,Podhume 
,,Muć,Bračević
,,,Crivac
,,,Donje Ogorje
,,,Donje Postinje
,,,Donji Muć
,,,Gizdavac
,,,Gornje Ogorje
,,,Gornje Postinje
,,,Gornji Muć
,,,Mala Milešina
,,,Neorić
,,,Pribude
,,,Radunić
,,,Ramljane
,,,Sutina
,,,Velika Milešina
,,,Zelovo
,,Nerežišća,Donji Humac
,,,Dračevica
,,,Nerežišća 
,,Okrug,Okrug Donji
,,,Okrug Gornji
,,Otok,Gala
,,,Korita
,,,Otok
,,,Ovrlje
,,,Ruda
,,,Udovičić 
,,Podbablje,Drum
,,,Grubine
,,,Hršćevani
,,,Ivanbegovina
,,,Kamenmost
,,,Krivodol
,,,Podbablje Gornje
,,,Poljica 
,,Podgora,Drašnice
,,,Gornje Igrane
,,,Igrane
,,,Podgora
,,,Živogošće 
,,Podstrana ,Podstrana
,,Postira,Dol
,,,Postira 
,,Prgomet,Bogdanovići
,,,Labin
,,,Prgomet
,,,Sitno
,,,Trolokve 
,,Primorski Dolac ,Primorski Dolac 
,,Proložac,Donji Proložac
,,,Gornji Proložac
,,,Postranje
,,,Ričice
,,,Šumet 
,,Pučišća,Gornji Humac
,,,Pražnica
,,,Pučišća 
,,Runovići,Podosoje
,,,Runović
,,,Slivno 
,,Seget,Bristivica
,,,Ljubitovica
,,,Prapatnica
,,,Seget Donji
,,,Seget Gornji
,,,Seget Vranjica 
,,Selca,Novo Selo
,,,Selca
,,,Povlja
,,,Sumartin 
,,Sućuraj,Bogomolje
,,,Selca kod Bogomolja
,,,Sućuraj 
,,Sutivan,Sutivan 
,,Šestanovac,Grabovac
,,,Katuni
,,,Kreševo
,,,Šestanovac
,,,Žeževica 
,,Šolta,Donje Selo
,,,Gornje Selo
,,,Grohote
,,,Maslinica
,,,Nečujam
,,,Rogač
,,,Srednje Selo
,,,Stomorska
,,,Vrabač 
,,Tučepi ,Tučepi 
,,Zadvarje ,Zadvarje 
,,Zagvozd,Biokovsko Selo
,,,Krstatice
,,,Rastovac
,,,Rašćane Gornje
,,,Zagvozd
,,,Župa
,,,Župa Srednja 
,,Zmijavci ,Zmijavci 
Istarska županija,Buje – Buie,,Baredine – Baredine
,,,Bibali – Bibali
,,,Brdo – Collalto
,,,Brič – Briz
,,,Buje – Buie
,,,Buroli – Buroli
,,,Bužin – Busin
,,,Gamboci – Gambozzi
,,,Kaldanija – Caldania
,,,Kanegra – Canegra
,,,Kaštel – Castelvenere
,,,Krasica – Crassiza
,,,Kršete – Carsette
,,,Kućibreg – Cucibreg
,,,Lozari – Losari
,,,Marušići – Marussici
,,,Merišće – Merischie
,,,Momjan – Momiano
,,,Oskoruš – Oscurus
,,,Plovanija – Plovania
,,,Sveta Marija na Krasu – dio
,,,Madonna del Carso – in parte
,,,Škrile – Scrile
,,,Škudelini – Scudelin
,,,Triban – Tribano
,,,Veli Mlin – Molino Grande
,Buzet,,Baredine
,,,Bartolići
,,,Barušići
,,,Benčići
,,,Blatna Vas
,,,Brnobići
,,,Buzet
,,,Cunj
,,,Čiritež
,,,Črnica
,,,Duričići
,,,Erkovčići
,,,Forčići
,,,Gornja Nugla
,,,Hum
,,,Juradi
,,,Juričići
,,,Kajini
,,,Klarići
,,,Kompanj
,,,Kosoriga
,,,Kotli
,,,Kras
,,,Krbavčići
,,,Krkuž
,,,Krti
,,,Krušvari
,,,Mala Huba
,,,Mali Mlun
,,,Marčenegla
,,,Marinci
,,,Martinci
,,,Medveje
,,,Negnar
,,,Paladini
,,,Pengari
,,,Peničići
,,,Perci
,,,Počekaji
,,,Podkuk
,,,Podrebar
,,,Pračana
,,,Prodani
,,,Račice
,,,Račički Brijeg
,,,Rim
,,,Rimnjak
,,,Roč
,,,Ročko Polje
,,,Salež
,,,Selca
,,,Seljaci
,,,Senj
,,,Sirotići
,,,Sovinjak
,,,Sovinjska Brda
,,,Sovinjsko Polje
,,,Stanica Roč
,,,Strana
,,,Sušići
,,,Sveti Donat
,,,Sveti Ivan
,,,Sveti Martin
,,,Šćulci
,,,Škuljari
,,,Štrped
,,,Ugrini
,,,Veli Mlun
,,,Vrh
,,,Žonti
,Labin,,Bartići
,,,Breg
,,,Duga Luka
,,,Gondolići
,,,Gora Glušići
,,,Kapelica
,,,Kranjci
,,,Labin
,,,Marceljani
,,,Presika
,,,Rabac
,,,Ripenda Kosi
,,,Ripenda Kras
,,,Ripenda Verbanci
,,,Rogočana
,,,Salakovci
,,,Vinež
,Novigrad – Cittanova,,Antenal – Antenal
,,,Bužinija – Businia
,,,Dajla – Daila
,,,Mareda – Mareda
,,,Novigrad – Cittanova
,Pazin,,Beram
,,,Bertoši
,,,Brajkovići
,,,Butoniga
,,,Grdoselo
,,,Heki
,,,Ježenj
,,,Kašćerga
,,,Kršikla
,,,Lindar
,,,Pazin
,,,Stari Pazin
,,,Trviž
,,,Vela Traba
,,,Zabrežani
,,,Zamask
,,,Zamaski Dol
,,,Zarečje
,Poreč – Parenzo,,Antonci Baderna
,,,Banki
,,,Bašarinka
,,,Blagdanići
,,,Bonaci
,,,Bratovići
,,,Brčići
,,,Buići
,,,Cancini
,,,Červar-Porat
,,,Črvar
,,,Čuši
,,,Dekovići
,,,Dračevac
,,,Filipini
,,,Fuškulin
,,,Garbina
,,,Gulići
,,,Jakići II
,,,Jasenovica
,,,Jehnići
,,,Jurići
,,,Kadumi
,,,Katun
,,,Kirmenjak
,,,Kosinožići
,,,Kukci
,,,Ladrovići
,,,Mali Maj
,,,Materada Maj
,,,Matulini
,,,Mičetići
,,,Mihatovići
,,,Mihelići
,,,Montižana
,,,Mugeba
,,,Mušalež
,,,Nova Vas
,,,Poreč – Parenzo
,,,Radmani
,,,Radoši kod Žbandaja
,,,Rakovci
,,,Rupeni
,,,Ružići
,,,Starići
,,,Stranići kod Nove Vasi
,,,Šeraje
,,,Špadići
,,,Štifanići
,,,Šušnjići
,,,Valkarin
,,,Veleniki
,,,Veli Maj
,,,Vranići kod Poreča
,,,Vrvari
,,,Vržnaveri
,,,Žbandaj
,Pula – Pola,,Pula – Pola
,,,Štinjan
,Rovinj – Rovigno,,Rovinj – Rovigno
,,,Rovinjsko Selo
,Umag – Umago,,Babići – Babici
,,,Bašanija – Bassania
,,,Crveni Vrh – Monte Rosso
,,,Čepljani – Ceppiani
,,,Đuba – Giubba
,,,Finida – Finida
,,,Juricani – Giurizzani
,,,Katoro – Catoro
,,,Kmeti – Metti
,,,Križine – Crisine
,,,Lovrečica – San Lorenzo
,,,Materada – Matterada
,,,Monterol – Monterol
,,,Murine – Morno
,,,Petrovija – Petrovia
,,,Savudrija – Salvore
,,,Seget – Seghetto
,,,Sveta Marija na Krasu – dio Madonna del Carso
,,,Umag – Umago
,,,Valica – Valizza
,,,Vardica – Vardiza
,,,Vilanija – Villania
,,,Zambratija – Zambrattia
,Vodnjan – Dignano,,Gajana – Gaiano
,,,Galižana – Gallesano
,,,Peroj – Peroi
,,,Vodnjan – Dignano
,,Bale – Valle,Bale – Valle
,,,Golaš
,,,Krmed
,,Barban,Balići II
,,,Barban
,,,Bašići
,,,Bičići
,,,Borinići
,,,Bratulići
,,,Cvitići
,,,Dolica
,,,Draguzeti
,,,Glavani
,,,Gorica
,,,Grandići
,,,Hrboki
,,,Jurićev Kal
,,,Koromani
,,,Kožljani
,,,Manjadvorci
,,,Medančići
,,,Melnica
,,,Orihi
,,,Petehi
,,,Prhati
,,,Puntera
,,,Rajki
,,,Rebići
,,,Rojnići
,,,Sutivanac
,,,Šajini
,,,Vadreš
,,,Varož
,,,Želiski
,,Brtonigla – Verteneglio,Brtonigla – Verteneglio
,,,Fiorini – Fiorini
,,,Karigador – Carigador
,,,Nova Vas – Villanova
,,,Radini
,,Cerovlje,Belaj
,,,Borut
,,,Cerovlje
,,,Ćusi
,,,Draguć
,,,Gologorica
,,,Gologorički Dol
,,,Gradinje
,,,Grimalda
,,,Korelići
,,,Novaki Pazinski
,,,Oslići
,,,Pagubice
,,,Paz
,,,Previž
,,Fažana – Fasana,Fažana – Fasana
,,,Valbandon
,,Funtana – Fontane,Funtana – Fontane
,,Gračišće,Batlug
,,,Bazgalji
,,,Gračišće
,,,Jakačići
,,,Mandalenčići
,,,Milotski Breg
,,,Škopljak
,,Grožnjan – Grisignana,Antonci – Antonzi
,,,Bijele Zemlje – Terre Bianche
,,,Grožnjan – Grisignana
,,,Kostanjica – Castagna
,,,Kuberton – Cuberton
,,,Makovci – Macovzi
,,,Martinčići – Martincici
,,,Šterna – Sterna
,,,Vrnjak – Vergnacco
,,,Završje – Piemonte
,,Kanfanar,Barat
,,,Brajkovići
,,,Bubani
,,,Burići
,,,Červari
,,,Dubravci
,,,Jural
,,,Kanfanar
,,,Korenići
,,,Kurili
,,,Ladići
,,,Marići
,,,Maružini
,,,Matohanci
,,,Mrgani
,,,Okreti
,,,Pilkovići
,,,Putini
,,,Sošići
,,,Šorići
,,,Žuntići
,,Karojba,Karojba
,,,Motovunski Novaki
,,,Rakotule
,,,Škropeti
,,Kaštelir – Labinci – Castelliere-S. Domenica,Babići
,,,Brnobići
,,,Cerjani
,,,Deklići
,,,Dvori
,,,Kaštelir – Castelliere
,,,Kovači
,,,Krančići
,,,Labinci – S. Domenica
,,,Mekiši kod Kaštelira
,,,Rogovići
,,,Rojci
,,,Roškići
,,,Tadini
,,,Valentići
,,Kršan,Blaškovići
,,,Boljevići
,,,Čambarelići
,,,Jesenovik
,,,Kostrčani
,,,Kožljak
,,,Kršan
,,,Lanišće
,,,Lazarići
,,,Letaj
,,,Nova Vas
,,,Plomin
,,,Plomin Luka
,,,Polje Čepić
,,,Potpićan
,,,Purgarija Čepić
,,,Stepčići
,,,Šušnjevica
,,,Veljaki
,,,Vozilići
,,,Zagorje
,,,Zankovci
,,,Zatka Čepić
,,Lanišće,Brest
,,,Brgudac
,,,Dane
,,,Jelovice
,,,Klenovšćak
,,,Kropinjak
,,,Lanišće
,,,Podgaće
,,,Prapoće
,,,Račja Vas
,,,Rašpor
,,,Slum
,,,Trstenik
,,,Vodice
,,Ližnjan – Lisignano,Jadreški – Giadreschi
,,,Ližnjan – Lisignano
,,,Muntić – Monticchio
,,,Šišan – Sissano
,,,Valtura – Altura
,,Lupoglav,Boljun
,,,Boljunsko Polje
,,,Brest pod Učkom
,,,Dolenja Vas
,,,Lesišćina
,,,Lupoglav
,,,Ravno Brdo
,,,Semić
,,,Vranja
,,Marčana,Belavići
,,,Bratulići
,,,Cokuni
,,,Divšići
,,,Filipana
,,,Hreljići
,,,Kavran
,,,Krnica
,,,Kujići
,,,Loborika
,,,Mali Vareški
,,,Marčana
,,,Mutvoran
,,,Orbanići
,,,Pavićini
,,,Peruški
,,,Pinezići
,,,Prodol
,,,Rakalj
,,,Šarići
,,,Šegotići
,,,Veliki Vareški
,,Medulin,Banjole
,,,Medulin
,,,Pomer
,,,Premantura
,,Motovun – Montona,Brkač – Bercaz (S. Pancrazio)
,,,Kaldir – Caldier
,,,Motovun – Montona
,,,Sveti Bartol – S. Bortolo
,,Oprtalj – Portole,Bencani – Benzani
,,,Čepić – Ceppich
,,,Golubići – Golobici
,,,Gradinje – Gradigne
,,,Ipši – Ipsi
,,,Krajići – Craici
,,,Livade – Levade
,,,Oprtalj – Portole
,,,Pirelići – Perelici
,,,Sveta Lucija – S. Lucia
,,,Sveti Ivan – S. Giovanni
,,,Šorgi – Sorghi
,,,Vižintini – Visintini
,,,Vižintini Vrhi – Monti di Visintini
,,,Zrenj – Stridone (Sdregna)
,,,Žnjidarići – Znidarici
,,Pićan,Grobnik
,,,Jakomići
,,,Krbune
,,,Kukurini
,,,Montovani
,,,Orič
,,,Pićan
,,,Sveta Katarina
,,,Tupljak
,,,Zajci
,,Raša,Barbići
,,,Brgod
,,,Brovinje
,,,Crni
,,,Diminići
,,,Drenje
,,,Koromačno
,,,Krapan
,,,Kunj
,,,Letajac
,,,Most-Raša
,,,Polje
,,,Raša
,,,Ravni
,,,Skitača
,,,Stanišovi
,,,Sveta Marina
,,,Sveti Bartul
,,,Škvaranska
,,,Topid
,,,Trget
,,,Trgetari
,,,Viškovići
,,Sveta Nedelja,Cere
,,,Eržišće
,,,Frančići
,,,Jurazini
,,,Kraj Drage
,,,Mali Golji
,,,Mali Turini
,,,Marići
,,,Markoci
,,,Nedešćina
,,,Paradiž
,,,Ružići
,,,Santalezi
,,,Snašići
,,,Sveti Martin
,,,Štrmac
,,,Šumber
,,,Veli Golji
,,,Veli Turini
,,,Vrećari
,,,Županići
,,Sveti Lovreč,Čehići
,,,Frnjolići
,,,Heraki
,,,Ivići
,,,Jakići I
,,,Jurcani
,,,Kapovići
,,,Knapići
,,,Kršuli
,,,Krunčići
,,,Lakovići
,,,Lovreča
,,,Medaki
,,,Medvidići
,,,Orbani
,,,Pajari
,,,Perini
,,,Radići
,,,Rajki
,,,Selina
,,,Stranići kod Svetog
,,,Sveti Lovreč
,,,Vošteni
,,,Zgrabljići
,,Sveti Petar u Šumi,Sveti Petar u Šumi
,,Svetvinčenat,Bibići
,,,Bokordići
,,,Boškari
,,,Bričanci
,,,Butkovići
,,,Cukrići
,,,Čabrunići
,,,Foli
,,,Juršići
,,,Kranjčići
,,,Pajkovići
,,,Peresiji
,,,Pusti
,,,Raponji
,,,Režanci
,,,Salambati
,,,Smoljanci
,,,Svetvinčenat
,,,Štokovci
,,Tar-Vabriga – Torre–Abrega,Frata
,,Perci,Gedići
,,,Perci
,,,Rošini
,,,Tar–Torre
,,,Vabriga-Abrega
,,Tinjan,Brčići
,,,Brečevići
,,,Jakovici
,,,Kringa
,,,Muntrilj
,,,Radetići
,,,Tinjan
,,,Žužići
,,Višnjan–Visignano,Anžići
,,,Bačva
,,,Barat
,,,Barići
,,,Baškoti
,,,Benčani
,,,Broskvari
,,,Bucalovići
,,,Bujarići
,,,Cerion
,,,Cvitani
,,,Deklevi
,,,Diklići
,,,Fabci
,,,Farini
,,,Gambetići
,,,Kočići
,,,Kolumbera
,,,Korlevići
,,,Košutići
,,,Kurjavići
,,,Legovići
,,,Majkusi
,,,Markovac
,,,Milanezi
,,,Prašćari
,,,Prhati
,,,Pršurići
,,,Radoši kod Višnjana
,,,Radovani
,,,Rafaeli
,,,Rapavel
,,,Sinožići
,,,Smolići
,,,Srebrnići
,,,Strpačići
,,,Sveti Ivan
,,,Štuti
,,,Vejaki
,,,Višnjan–Visignano
,,,Vranići kod Višnjana
,,,Vrhjani
,,,Zoričići
,,,Ženodraga
,,,Žikovići
,,,Žužići
,,Vižinada–Visinada,Bajkini
,,,Baldaši
,,,Brig
,,,Bukori
,,,Crklada
,,,Čuki
,,,Danci
,,,Ferenci
,,,Filipi
,,,Grubići
,,,Jadruhi
,,,Lašići
,,,Markovići
,,,Mastelići
,,,Mekiši kod Vižinade
,,,Nardući
,,,Ohnići
,,,Piškovica
,,,Staniši
,,,Trombal
,,,Velići
,,,Vižinada – Visinada
,,,Vranići kod Vižinade
,,,Vranje Selo
,,,Vrbani
,,,Vrh Lašići
,,,Žudetići
,,Vrsar – Orsera,Begi
,,,Bralići
,,,Delići
,,,Flengi
,,,Gradina
,,,Kloštar
,,,Kontešići
,,,Marasi
,,,Vrsar – Orsera
,,Žminj,Balići I
,,,Benčići
,,,Cere
,,,Debeljuhi
,,,Domijanići
,,,Gradišće
,,,Gržini
,,,Jurići
,,,Karlovići
,,,Klimni
,,,Krajcar Breg
,,,Krculi
,,,Kresini
,,,Križanci
,,,Krničari
,,,Kršanci
,,,Laginji
,,,Matijaši
,,,Modrušani
,,,Mužini
,,,Orbanići
,,,Pamići
,,,Pifari
,,,Prkačini
,,,Pucići
,,,Rudani
,,,Šivati
,,,Tomišići
,,,Vadediji
,,,Vidulini
,,,Zeci
,,,Žagrići
,,,Žminj
Dubrovačko-neretvanska županija,Dubrovnik,,Bosanka
,,,Brsečine
,,,Čajkovica
,,,Čajkovići
,,,Donje Obuljeno
,,,Dubravica
,,,Dubrovnik
,,,Gornje Obuljeno
,,,Gromača
,,,Kliševo
,,,Knežica
,,,Koločep
,,,Komolac
,,,Lopud
,,,Lozica
,,,Ljubač
,,,Mokošica
,,,Mravinjac
,,,Mrčevo
,,,Nova Mokošica
,,,Orašac
,,,Osojnik
,,,Petrovo Selo
,,,Pobrežje
,,,Prijevor
,,,Rožat
,,,Suđurađ
,,,Sustjepan
,,,Šipanska Luka
,,,Šumet
,,,Trsteno
,,,Zaton 
,Korčula,,Čara
,,,Korčula
,,,Pupnat
,,,Račišće
,,,Žrnovo 
,Metković,,Dubravica
,,,Glušci
,,,Metković
,,,Prud
,,,Vid 
,Opuzen,,Buk Vlaka
,,,Opuzen
,,,Pržinovac 
,Ploče,,Baćina
,,,Banja
,,,Komin
,,,Peračko Blato
,,,Plina Jezero
,,,Ploče
,,,Rogotin
,,,Staševica
,,,Šarić Struga
,,Blato,Blato
,,,Potirna 
,,Dubrovačko primorje,Banići
,,,Čepikuće
,,,Doli
,,,Imotica
,,,Kručica
,,,Lisac
,,,Majkovi
,,,Mravnica
,,,Ošlje
,,,Podgora
,,,Podimoć
,,,Slano
,,,Smokovljani
,,,Stupa
,,,Štedrica
,,,Točionik
,,,Topolo
,,,Trnova
,,,Trnovica
,,,Visočani 
,,Janjina,Drače
,,,Janjina
,,,Osobjava
,,,Popova Luka
,,,Sreser 
,,Konavle,Brotnice
,,,Cavtat
,,,Čilipi
,,,Drvenik
,,,Duba Konavoska
,,,Dubravka
,,,Dunave
,,,Đurinići
,,,Gabrili
,,,Gruda
,,,Jasenice
,,,Komaji
,,,Kuna Konavoska
,,,Lovorno
,,,Ljuta
,,,Mihanići
,,,Mikulići
,,,Močići
,,,Molunat
,,,Palje Brdo
,,,Pločice
,,,Poljice
,,,Popovići
,,,Pridvorje
,,,Radovčići
,,,Stravča
,,,Šilješki
,,,Uskoplje
,,,Vitaljina
,,,Vodovađa
,,,Zastolje
,,,Zvekovica 
,,Kula Norinska,Borovci
,,,Desne
,,,Krvavac
,,,Krvavac II
,,,Kula Norinska
,,,Matijevići
,,,Momići
,,,Nova Sela
,,,Podrujnica 
,,Lastovo,Glavat
,,,Lastovo
,,,Pasadur
,,,Skrivena Luka
,,,Sušac
,,,Uble
,,,Zaklopatica 
,,Lumbarda ,Lumbarda 
,,Mljet,Babine Kuće
,,,Babino Polje
,,,Blato
,,,Goveđari
,,,Korita
,,,Kozarica
,,,Maranovići
,,,Njivice
,,,Okuklje
,,,Polače
,,,Pomena
,,,Pristanište
,,,Prožura
,,,Prožurska Luka
,,,Ropa
,,,Saplunara
,,,Solin
,,,Sobra
,,,Tatinica
,,,Velika Loza 
,,Orebić,Donja Banda
,,,Kučište
,,,Kuna Pelješka
,,,Lovište
,,,Nakovanj
,,,Orebić
,,,Oskorušno
,,,Pijavičino
,,,Podgorje
,,,Podobuče
,,,Potomje
,,,Stanković
,,,Trstenik
,,,Viganj 
,,Pojezerje,Brečići
,,,Dubrave
,,,Kobiljača
,,,Mali Prolog
,,,Otrić-Seoci
,,,Pozla Gora 
,,Slivno,Blace
,,,Duba
,,,Duboka
,,,Klek
,,,Komarna
,,,Kremena
,,,Lovorje
,,,Lučina
,,,Mihalj
,,,Otok
,,,Pižinovac
,,,Podgradina
,,,Raba
,,,Slivno Ravno
,,,Trn
,,,Tuštevac
,,,Vlaka
,,,Zavala 
,,Smokvica,Smokvica 
,,Ston,Boljenovići
,,,Brijesta
,,,Broce
,,,Česvinica
,,,Dančanje
,,,Duba Stonska
,,,Dubrava
,,,Hodilje
,,,Luka
,,,Mali Ston
,,,Metohija
,,,Putniković
,,,Sparagovići
,,,Ston
,,,Tomislavovac
,,,Zabrđe
,,,Zaton Doli
,,,Žuljana 
,,Trpanj,Donja Vrućica
,,,Duba Pelješka
,,,Gornja Vrućica
,,,Trpanj 
,,Vela Luka,Vela Luka 
,,Zažablje,Badžula
,,,Bijeli Vir
,,,Dobranje
,,,Mislina
,,,Mlinište
,,,Vidonje 
,,Župa dubrovač­ka,Brašina
,,,Buići
,,,Čelopeci
,,,Čibača
,,,Donji Brgat
,,,Gornji Brgat
,,,Grbavac
,,,Kupari
,,,Makoše
,,,Mandaljena
,,,Martinovići
,,,Mlini
,,,Petrača
,,,Plat
,,,Soline
,,,Srebreno
,,,Zavrelje 
Međimurska županija,Čakovec,,Čakovec
,,,Ivanovec
,,,Krištanovec
,,,Kuršanec
,,,Mačkovec
,,,Mihovljan
,,,Novo Selo na Dravi
,,,Novo Selo Rok
,,,Savska Ves
,,,Slemenice
,,,Šandorovec
,,,Štefanec
,,,Totovec
,,,Žiškovec
,Mursko Središće,,Hlapičina
,,,Križovec
,,,Mursko Središće
,,,Peklenica
,,,Štrukovec
,Prelog,,Cirkovljan
,,,Čehovec
,,,Čukovec
,,,Draškovec
,,,Hemuševec
,,,Oporovec
,,,Otok
,,,Prelog
,,Belica,Belica
,,,Gardinovec
,,Dekanovec,Dekanovec
,,Domašinec,Domašinec
,,,Turčišće
,,Donja Dubrava,Donja Dubrava
,,Donji Kraljevec,Donji Hrašćan
,,,Donji Kraljevec
,,,Donji Pustakovec
,,,Hodošan
,,,Palinovec
,,,Sveti Juraj u Trnju
,,Donji Vidovec,Donji Vidovec
,,Goričan,Goričan
,,Gornji Mihaljevec,Badličan
,,,Bogdanovec
,,,Dragoslavec Breg
,,,Dragoslavec Selo
,,,Gornja Dubrava
,,,Gornji Mihaljevec
,,,Križopotje
,,,Martinuševec
,,,Preseka
,,,Prhovec
,,,Tupkovec
,,,Vugrišinec
,,,Vukanovec
,,Kotoriba,Kotoriba
,,Mala Subotica,Držimurec
,,,Mala Subotica
,,,Palovec
,,,Piškorovec
,,,Strelec
,,,Sveti Križ
,,Nedelišće,Črečan
,,,Dunjkovec
,,,Gornji Hrašćan
,,,Gornji Kuršanec
,,,Macinec
,,,Nedelišće
,,,Parag
,,,Pretetinec
,,,Pušćine
,,,Slakovec
,,,Trnovec
,,Orehovica,Orehovica
,,,Podbrest
,,,Vularija
,,Podturen,Celine
,,,Ferketinec
,,,Miklavec
,,,Novakovec
,,,Podturen
,,,Sivica
,,Pribislavec,Pribislavec
,,Selnica,Bukovec
,,,Donji Koncovčak
,,,Donji Zebanec
,,,Gornji Zebanec
,,,Merhatovec
,,,Plešivica
,,,Praporčan
,,,Selnica
,,,Zaveščak
,,,Zebanec Selo
,,Strahoninec,Strahoninec
,,Sveta Marija,Donji Mihaljevec
,,,Sveta Marija
,,Sveti Juraj na Bregu,Brezje
,,,Dragoslavec
,,,Frkanovec
,,,Lopatinec
,,,Mali Mihaljevec
,,,Okrugli Vrh
,,,Pleškovec
,,,Vučetinec
,,,Zasadbreg
,,Sveti Martin na Muri,Brezovec
,,,Čestijanec
,,,Gornji Koncovčak
,,,Gradiščak
,,,Grkaveščak
,,,Jurovčak
,,,Jurovec
,,,Kapelščak
,,,Lapšina
,,,Marof
,,,Sveti Martin na Muri
,,,Vrhovljan
,,,Žabnik
,,Šenkovec,Knezovec
,,,Šenkovec
,,Štrigova,Banfi
,,,Grabrovnik
,,,Jalšovec
,,,Leskovec
,,,Prekopa
,,,Robadje
,,,Stanetinec
,,,Sveti Urban
,,,Štrigova
,,,Železna Gora
,,Vratišinec,Gornji Kraljevec
,,,Vratišinec
Grad Zagreb,Zagreb,,Adamovec
,,,Belovar
,,,Blaguša
,,,Botinec
,,,Brebernica
,,Zagreb,Brezovica
,,,Budenec
,,,Buzin
,,,Cerje
,,,Demerje
,,,Desprim
,,,Dobrodol
,,,Donji Čehi
,,,Donji Dragonožec
,,,Donji Trpuci
,,,Drenčec
,,,Drežnik Brezovički
,,,Dumovec
,,,Đurđekovec
,,,Gajec
,,,Glavnica Donja
,,,Glavnica Gornja
,,,Glavničica
,,,Goli Breg
,,,Goranec
,,,Gornji Čehi
,,,Gornji Dragonožec
,,,Gornji Trpuci
,,,Grančari
,,,Havidić Selo
,,,Horvati
,,,Hrašće Turopoljsko
,,,Hrvatski Leskovac
,,,Hudi Bitek
,,,Ivanja Reka
,,,Jesenovec
,,,Ježdovec
,,,Kašina
,,,Kašinska Sopnica
,,,Kučilovina
,,,Kućanec
,,,Kupinečki Kraljevec
,,,Lipnica
,,,Lučko
,,,Lužan
,,,Mala Mlaka
,,,Markovo Polje
,,,Moravče
,,,Odra
,,,Odranski Obrež
,,,Paruževina
,,,Planina Donja
,,,Planina Gornja
,,,Popovec
,,,Prekvršje
,,,Prepuštovec
,,,Sesvete
,,,Soblinec
,,,Starjak
,,,Strmec
,,,Šašinovec
,,,Šimunčevec
,,,Veliko Polje
,,,Vuger Selo
,,,Vugrovec Donji
,,,Vugrovec Gornji
,,,Vurnovec
,,,Zadvorsko
,,,Zagreb
,,,Žerjavinec 
